source,production_type,rule,anchor_date,actual_mw,predicted_mw,error_mw,error_gw,error_pct
public_registry,solar,last_increment,2015-03-31,38114.0,38097.71428571428,-16.285714285717404,-0.016285714285717404,-0.04272895598918351
public_registry,solar,last_increment,2015-04-30,38206.0,38206.903225806454,0.9032258064544294,0.0009032258064544294,0.0023640941382359563
public_registry,solar,last_increment,2015-05-31,38300.0,38301.066666666666,1.0666666666656965,0.0010666666666656966,0.002785030461268137
public_registry,solar,last_increment,2015-06-30,38386.0,38390.967741935485,4.96774193548481,0.00496774193548481,0.012941546229054367
public_registry,solar,last_increment,2015-07-31,38570.0,38474.86666666667,-95.1333333333314,-0.09513333333333139,-0.24665111053495306
public_registry,solar,last_increment,2015-08-31,38887.0,38754.0,-133.0,-0.133,-0.34201661223545143
public_registry,solar,last_increment,2015-09-30,38956.0,39193.77419354839,237.7741935483864,0.2377741935483864,0.6103660374483684
public_registry,solar,last_increment,2015-10-31,39018.0,39027.3,9.30000000000291,0.00930000000000291,0.02383515300631224
public_registry,solar,last_increment,2015-11-30,39088.0,39078.0,-10.0,-0.01,-0.0255832992222677
public_registry,solar,last_increment,2015-12-31,39236.0,39160.333333333336,-75.66666666666424,-0.07566666666666425,-0.19285010364630503
public_registry,solar,last_increment,2016-01-31,39298.0,39384.0,86.0,0.086,0.21884065346836987
public_registry,solar,last_increment,2016-02-29,39345.0,39356.0,11.0,0.011,0.02795780912441225
public_registry,solar,last_increment,2016-03-31,39416.0,39395.24137931035,-20.75862068965216,-0.02075862068965216,-0.05266546755036575
public_registry,solar,last_increment,2016-04-30,39504.0,39484.709677419356,-19.290322580643988,-0.019290322580643986,-0.0488313147545666
public_registry,solar,last_increment,2016-05-31,39602.0,39594.933333333334,-7.0666666666656965,-0.007066666666665697,-0.017844216622053675
public_registry,solar,last_increment,2016-06-30,39702.0,39696.83870967742,-5.161290322583227,-0.005161290322583227,-0.013000076375455208
public_registry,solar,last_increment,2016-07-31,39780.0,39805.333333333336,25.33333333333576,0.025333333333335758,0.06368359309536391
public_registry,solar,last_increment,2016-08-31,39889.0,39858.0,-31.0,-0.031,-0.07771566095916167
public_registry,solar,last_increment,2016-09-30,39999.0,39994.48387096774,-4.516129032257595,-0.004516129032257595,-0.011290604845765132
public_registry,solar,last_increment,2016-10-31,40109.0,40112.666666666664,3.6666666666642413,0.0036666666666642415,0.00914175538324127
public_registry,solar,last_increment,2016-11-30,40260.0,40215.45161290323,-44.548387096772785,-0.044548387096772786,-0.11065173148726475
public_registry,solar,last_increment,2016-12-31,40735.0,40416.03333333333,-318.96666666666715,-0.3189666666666672,-0.7830285176547616
public_registry,solar,last_increment,2017-01-31,40781.0,41210.0,429.0,0.429,1.0519604717883329
public_registry,solar,last_increment,2017-02-28,40928.0,40822.54838709677,-105.45161290322721,-0.10545161290322722,-0.25765151706222444
public_registry,solar,last_increment,2017-03-31,41042.0,41090.75,48.75,0.04875,0.11878076117148287
public_registry,solar,last_increment,2017-04-30,41185.0,41152.32258064516,-32.67741935484082,-0.03267741935484082,-0.07934301166648251
public_registry,solar,last_increment,2017-05-31,41377.0,41332.76666666667,-44.23333333332994,-0.04423333333332994,-0.10690319098371061
public_registry,solar,last_increment,2017-06-30,41589.0,41562.8064516129,-26.193548387098417,-0.026193548387098416,-0.06298191441751044
public_registry,solar,last_increment,2017-07-31,41726.0,41808.066666666666,82.0666666666657,0.08206666666666569,0.19667992778283494
public_registry,solar,last_increment,2017-08-31,41874.0,41863.0,-11.0,-0.011,-0.026269284042604004
public_registry,solar,last_increment,2017-09-30,41981.0,42017.22580645161,36.22580645161361,0.03622580645161361,0.08629095650797648
public_registry,solar,last_increment,2017-10-31,42139.0,42091.566666666666,-47.4333333333343,-0.047433333333334306,-0.11256397478187499
public_registry,solar,last_increment,2017-11-30,42250.0,42291.903225806454,41.90322580645443,0.041903225806454426,0.09917923267799865
public_registry,solar,last_increment,2017-12-31,42404.0,42364.7,-39.30000000000291,-0.03930000000000291,-0.09267993585511487
public_registry,solar,last_increment,2018-01-31,42669.0,42558.0,-111.0,-0.111,-0.2601420234830908
public_registry,solar,last_increment,2018-02-28,42864.0,42908.354838709674,44.35483870967437,0.04435483870967437,0.10347806716516042
public_registry,solar,last_increment,2018-03-31,43028.0,43079.892857142855,51.892857142855064,0.05189285714285506,0.12060253124210993
public_registry,solar,last_increment,2018-04-30,43252.0,43186.709677419356,-65.29032258064399,-0.06529032258064399,-0.15095330292389714
public_registry,solar,last_increment,2018-05-31,43500.0,43483.46666666667,-16.53333333333285,-0.016533333333332848,-0.03800766283524793
public_registry,solar,last_increment,2018-06-30,43857.0,43740.0,-117.0,-0.117,-0.266776113277242
public_registry,solar,last_increment,2018-07-31,44166.0,44225.9,59.900000000001455,0.05990000000000145,0.13562468867454933
public_registry,solar,last_increment,2018-08-31,44487.0,44475.0,-12.0,-0.012,-0.026974172230089688
public_registry,solar,last_increment,2018-09-30,44678.0,44797.645161290326,119.64516129032563,0.11964516129032564,0.267794353575195
public_registry,solar,last_increment,2018-10-31,44870.0,44875.36666666667,5.366666666668607,0.005366666666668607,0.01196047841914109
public_registry,solar,last_increment,2018-11-30,45075.0,45055.8064516129,-19.193548387098417,-0.019193548387098417,-0.0425813608144169
public_registry,solar,last_increment,2018-12-31,45408.0,45286.833333333336,-121.16666666666424,-0.12116666666666424,-0.26683991073525426
public_registry,solar,last_increment,2019-01-31,46241.0,45741.0,-500.0,-0.5,-1.0812914945611036
public_registry,solar,last_increment,2019-02-28,46574.0,46993.3870967742,419.38709677419683,0.41938709677419683,0.9004747214630413
public_registry,solar,last_increment,2019-03-31,46896.0,46942.67857142857,46.67857142857247,0.04667857142857247,0.09953636009163355
public_registry,solar,last_increment,2019-04-30,47158.0,47207.6129032258,49.612903225803166,0.04961290322580317,0.10520569834556845
public_registry,solar,last_increment,2019-05-31,47422.0,47428.73333333333,6.733333333329938,0.006733333333329938,0.014198754445889961
public_registry,solar,last_increment,2019-06-30,47676.0,47677.48387096774,1.483870967742405,0.0014838709677424049,0.0031124065939726587
public_registry,solar,last_increment,2019-07-31,47953.0,47938.46666666667,-14.533333333332848,-0.014533333333332848,-0.030307453826315032
public_registry,solar,last_increment,2019-08-31,48290.0,48230.0,-60.0,-0.06,-0.12424932698281217
public_registry,solar,last_increment,2019-09-30,48578.0,48616.12903225807,38.12903225806804,0.03812903225806804,0.07849032948673892
public_registry,solar,last_increment,2019-10-31,48961.0,48875.6,-85.40000000000146,-0.08540000000000146,-0.17442454198239712
public_registry,solar,last_increment,2019-11-30,49168.0,49331.645161290326,163.64516129032563,0.16364516129032564,0.3328285903236366
public_registry,solar,last_increment,2019-12-31,49418.0,49381.9,-36.099999999998545,-0.03609999999999854,-0.07305030555667681
public_registry,solar,last_increment,2020-01-31,49933.0,49668.0,-265.0,-0.265,-0.5307111529449462
public_registry,solar,last_increment,2020-02-29,50232.0,50414.77419354839,182.7741935483864,0.1827741935483864,0.36386007634254336
public_registry,solar,last_increment,2020-03-31,50593.0,50551.620689655174,-41.37931034482608,-0.04137931034482608,-0.08178860780113074
public_registry,solar,last_increment,2020-04-30,50975.0,50942.354838709674,-32.64516129032563,-0.03264516129032563,-0.06404151307567559
public_registry,solar,last_increment,2020-05-31,51449.0,51369.73333333333,-79.26666666667006,-0.07926666666667007,-0.1540684302254078
public_registry,solar,last_increment,2020-06-30,51906.0,51907.709677419356,1.7096774193560123,0.0017096774193560123,0.003293795359603923
public_registry,solar,last_increment,2020-07-31,52326.0,52378.23333333333,52.23333333332994,0.05223333333332994,0.09982290512045625
public_registry,solar,last_increment,2020-08-31,52725.0,52746.0,21.0,0.021,0.03982930298719772
public_registry,solar,last_increment,2020-09-30,53109.0,53111.12903225807,2.1290322580680368,0.002129032258068037,0.004008797488312785
public_registry,solar,last_increment,2020-10-31,53525.0,53505.8,-19.19999999999709,-0.01919999999999709,-0.03587108827650087
public_registry,solar,last_increment,2020-11-30,54035.0,53927.58064516129,-107.41935483871202,-0.10741935483871203,-0.19879588200002224
public_registry,solar,last_increment,2020-12-31,54560.0,54562.0,2.0,0.002,0.0036656891495601175
public_registry,solar,last_increment,2021-01-31,54954.0,55085.0,131.0,0.131,0.23838119154201698
public_registry,solar,last_increment,2021-02-28,55343.0,55309.87096774193,-33.12903225806804,-0.033129032258068035,-0.05986128734992327
public_registry,solar,last_increment,2021-03-31,56021.0,55773.67857142857,-247.32142857142753,-0.24732142857142753,-0.44147985321830663
public_registry,solar,last_increment,2021-04-30,56626.0,56677.12903225807,51.12903225806804,0.05112903225806804,0.09029250213341582
public_registry,solar,last_increment,2021-05-31,57024.0,57251.166666666664,227.16666666666424,0.22716666666666424,0.3983702768424948
public_registry,solar,last_increment,2021-06-30,57477.0,57409.16129032258,-67.83870967741677,-0.06783870967741677,-0.11802757568665166
public_registry,solar,last_increment,2021-07-31,57997.0,57945.1,-51.900000000001455,-0.05190000000000145,-0.08948738727865485
public_registry,solar,last_increment,2021-08-31,58407.0,58517.0,110.0,0.11,0.18833359015186538
public_registry,solar,last_increment,2021-09-30,58878.0,58803.77419354839,-74.22580645161361,-0.07422580645161361,-0.12606713280276777
public_registry,solar,last_increment,2021-10-31,59302.0,59364.7,62.69999999999709,0.06269999999999709,0.10572999224308975
public_registry,solar,last_increment,2021-11-30,59666.0,59712.32258064516,46.32258064515918,0.04632258064515918,0.07763647746649546
public_registry,solar,last_increment,2021-12-31,60265.0,60042.13333333333,-222.8666666666686,-0.2228666666666686,-0.36981111203296874
public_registry,solar,last_increment,2022-01-31,60772.0,60864.0,92.0,0.092,0.15138550648324886
public_registry,solar,last_increment,2022-02-28,61475.0,61229.93548387097,-245.06451612903038,-0.24506451612903038,-0.39864093717613724
public_registry,solar,last_increment,2022-03-31,62330.0,62253.32142857143,-76.67857142857247,-0.07667857142857247,-0.12302032958217948
public_registry,solar,last_increment,2022-04-30,62813.0,63157.41935483871,344.419354838712,0.344419354838712,0.5483249563604858
public_registry,solar,last_increment,2022-05-31,63468.0,63312.1,-155.90000000000146,-0.15590000000000145,-0.2456355958908449
public_registry,solar,last_increment,2022-06-30,64040.0,64101.87096774193,61.87096774193196,0.061870967741931966,0.09661300396928789
public_registry,solar,last_increment,2022-07-31,64540.0,64631.066666666666,91.0666666666657,0.0910666666666657,0.14110112591674265
public_registry,solar,last_increment,2022-08-31,65235.0,65040.0,-195.0,-0.195,-0.29891929179121635
public_registry,solar,last_increment,2022-09-30,66090.0,65907.58064516129,-182.41935483871202,-0.18241935483871202,-0.27601657563733095
public_registry,solar,last_increment,2022-10-31,66714.0,66973.5,259.5,0.2595,0.388973828581707
public_registry,solar,last_increment,2022-11-30,67375.0,67317.87096774194,-57.12903225806076,-0.05712903225806076,-0.08479262672810503
public_registry,solar,last_increment,2022-12-31,67842.0,68058.03333333334,216.03333333334012,0.21603333333334013,0.3184359737822295
public_registry,solar,last_increment,2023-01-31,68865.0,68309.0,-556.0,-0.556,-0.8073767516154795
public_registry,solar,last_increment,2023-02-28,69793.0,69789.0,-4.0,-0.004,-0.005731233791354434
public_registry,solar,last_increment,2023-03-31,71056.0,70820.42857142857,-235.5714285714348,-0.23557142857143482,-0.3315292566024471
public_registry,solar,last_increment,2023-04-30,72246.0,72278.25806451614,32.25806451613607,0.032258064516136074,0.04465031215034199
public_registry,solar,last_increment,2023-05-31,73602.0,73475.66666666667,-126.33333333332848,-0.1263333333333285,-0.1716438864885852
public_registry,solar,last_increment,2023-06-30,74995.0,74914.25806451614,-80.74193548386393,-0.08074193548386392,-0.10766309151791977
public_registry,solar,last_increment,2023-07-31,76504.0,76434.43333333333,-69.5666666666657,-0.0695666666666657,-0.09093206455435754
public_registry,solar,last_increment,2023-08-31,77902.0,78013.0,111.0,0.111,0.14248671407666041
public_registry,solar,last_increment,2023-09-30,79137.0,79254.90322580645,117.90322580645443,0.11790322580645443,0.14898622111838258
public_registry,solar,last_increment,2023-10-31,80682.0,80413.16666666667,-268.8333333333285,-0.2688333333333285,-0.33320112705848703
public_registry,solar,last_increment,2023-11-30,82134.0,82177.16129032258,43.16129032257595,0.04316129032257595,0.05254984576737521
public_registry,solar,last_increment,2023-12-31,83302.0,83634.4,332.3999999999942,0.3323999999999942,0.3990300352932633
public_registry,solar,last_increment,2024-01-31,84933.0,84470.0,-463.0,-0.463,-0.5451355774551705
public_registry,solar,last_increment,2024-02-29,86191.0,86458.7741935484,267.77419354839367,0.26777419354839366,0.3106753530512393
public_registry,solar,last_increment,2024-03-31,87618.0,87535.75862068965,-82.24137931034784,-0.08224137931034783,-0.09386356605988248
public_registry,solar,last_increment,2024-04-30,88991.0,88998.96774193548,7.96774193548481,0.00796774193548481,0.008953424431105179
public_registry,solar,last_increment,2024-05-31,90226.0,90409.76666666666,183.7666666666628,0.18376666666666278,0.2036737377991519
public_registry,solar,last_increment,2024-06-30,91757.0,91421.16129032258,-335.83870967742405,-0.3358387096774241,-0.3660088164144687
public_registry,solar,last_increment,2024-07-31,93439.0,93339.03333333334,-99.96666666665988,-0.09996666666665988,-0.10698601939945834
public_registry,solar,last_increment,2024-08-31,94514.0,95121.0,607.0,0.607,0.6422328967137143
public_registry,solar,last_increment,2024-09-30,95813.0,95554.32258064517,-258.67741935483355,-0.25867741935483357,-0.26998154671582514
public_registry,solar,last_increment,2024-10-31,97530.0,97155.3,-374.6999999999971,-0.3746999999999971,-0.3841894801599478
public_registry,solar,last_increment,2024-11-30,98768.0,99191.6129032258,423.61290322580317,0.42361290322580314,0.4288969131963826
public_registry,solar,last_increment,2024-12-31,100788.0,100047.26666666666,-740.7333333333372,-0.7407333333333372,-0.7349419904486022
public_registry,solar,last_increment,2025-01-31,102375.0,102808.0,433.0,0.433,0.422954822954823
public_registry,solar,last_increment,2025-02-28,104221.0,103808.41935483871,-412.580645161288,-0.41258064516128795,-0.39587093307614396
public_registry,solar,last_increment,2025-03-31,105113.0,106264.78571428571,1151.7857142857101,1.1517857142857102,1.0957595295403137
public_registry,solar,last_increment,2025-04-30,106196.0,105976.2258064516,-219.77419354839367,-0.21977419354839367,-0.20695147985648582
public_registry,solar,last_increment,2025-05-31,107476.0,107315.1,-160.89999999999418,-0.1608999999999942,-0.14970784175071103
public_registry,solar,last_increment,2025-06-30,108599.0,108714.70967741935,115.70967741934874,0.11570967741934873,0.10654764539208349
public_registry,solar,last_increment,2025-07-31,110197.0,109759.43333333333,-437.5666666666657,-0.4375666666666657,-0.39707675042575175
public_registry,solar,last_increment,2025-08-31,112238.0,111795.0,-443.0,-0.443,-0.3946969831964219
public_registry,solar,last_increment,2025-09-30,113275.0,114213.16129032258,938.161290322576,0.938161290322576,0.8282156612867587
public_registry,solar,last_increment,2025-10-31,114619.0,114346.56666666667,-272.4333333333343,-0.2724333333333343,-0.23768601482593138
public_registry,solar,last_increment,2025-11-30,116569.0,115919.64516129032,-649.3548387096816,-0.6493548387096817,-0.5570561973678093
public_registry,solar,last_increment,2025-12-31,118051.0,118584.0,533.0,0.533,0.45149977552074955
public_registry,solar,last_increment,2026-01-31,119363.0,119533.0,170.0,0.17,0.14242269379958614
public_registry,solar,last_increment,2026-02-28,120280.0,120548.03225806452,268.0322580645152,0.2680322580645152,0.2228402544600226
public_registry,solar,last_increment,2026-03-31,121860.0,121295.25,-564.75,-0.56475,-0.4634416543574594
public_registry,solar,last_increment,2026-04-30,123184.0,123389.03225806452,205.0322580645152,0.2050322580645152,0.1664439034813898
public_registry,solar,last_increment,2026-05-31,124545.0,124552.13333333333,7.133333333331393,0.007133333333331393,0.005727514820612142
public_registry,solar,last_increment,2026-06-30,125933.0,125862.09677419355,-70.90322580645443,-0.07090322580645443,-0.05630233997955614
public_registry,solar,last_increment,2026-07-31,127746.0,127367.26666666666,-378.7333333333372,-0.3787333333333372,-0.29647373172806757
public_registry,solar,last_increment,2026-08-31,128841.0,129559.0,718.0,0.718,0.557276022384179
public_registry,solar,mean_last_three_increments,2015-05-31,38300.0,38296.26031746032,-3.739682539679052,-0.0037396825396790517,-0.009764184176707708
public_registry,solar,mean_last_three_increments,2015-06-30,38386.0,38391.95698924731,5.956989247308229,0.005956989247308229,0.015518650672923016
public_registry,solar,mean_last_three_increments,2015-07-31,38570.0,38478.64444444444,-91.35555555555766,-0.09135555555555766,-0.23685650908881944
public_registry,solar,mean_last_three_increments,2015-08-31,38887.0,38692.28888888889,-194.71111111110804,-0.19471111111110803,-0.5007100344873815
public_registry,solar,mean_last_three_increments,2015-09-30,38956.0,39077.279569892475,121.27956989247468,0.12127956989247468,0.3113244940252456
public_registry,solar,mean_last_three_increments,2015-10-31,39018.0,39146.76666666667,128.76666666667006,0.12876666666667005,0.33001862388300285
public_registry,solar,mean_last_three_increments,2015-11-30,39088.0,39163.25806451613,75.2580645161288,0.07525806451612879,0.19253495834048506
public_registry,solar,mean_last_three_increments,2015-12-31,39236.0,39156.544444444444,-79.4555555555562,-0.0794555555555562,-0.20250676816076105
public_registry,solar,mean_last_three_increments,2016-01-31,39298.0,39330.11111111111,32.111111111109494,0.032111111111109494,0.0817118202226818
public_registry,solar,mean_last_three_increments,2016-02-29,39345.0,39386.0394265233,41.03942652329715,0.04103942652329715,0.1043065866648803
public_registry,solar,mean_last_three_increments,2016-03-31,39416.0,39431.747126436785,15.747126436785038,0.01574712643678504,0.03995110218384676
public_registry,solar,mean_last_three_increments,2016-04-30,39504.0,39475.11012235818,-28.88987764182093,-0.02888987764182093,-0.07313152501473504
public_registry,solar,mean_last_three_increments,2016-05-31,39602.0,39574.724904214556,-27.275095785444137,-0.027275095785444136,-0.06887302607303705
public_registry,solar,mean_last_three_increments,2016-06-30,39702.0,39685.84946236559,-16.150537634406646,-0.016150537634406645,-0.04067940565816998
public_registry,solar,mean_last_three_increments,2016-07-31,39780.0,39799.42222222222,19.422222222223354,0.019422222222223354,0.048824088039777155
public_registry,solar,mean_last_three_increments,2016-08-31,39889.0,39873.11111111111,-15.888888888890506,-0.015888888888890507,-0.03983275812602599
public_registry,solar,mean_last_three_increments,2016-09-30,39999.0,39982.655913978495,-16.344086021505063,-0.016344086021505062,-0.040861236584677274
public_registry,solar,mean_last_three_increments,2016-10-31,40109.0,40099.22222222222,-9.777777777781012,-0.009777777777781011,-0.02437801435533424
public_registry,solar,mean_last_three_increments,2016-11-30,40260.0,40216.31182795699,-43.68817204301013,-0.04368817204301013,-0.10851508207404402
public_registry,solar,mean_last_three_increments,2016-12-31,40735.0,40386.566666666666,-348.4333333333343,-0.3484333333333343,-0.8553659833885707
public_registry,solar,mean_last_three_increments,2017-01-31,40781.0,40982.01111111111,201.01111111111095,0.20101111111111095,0.4929038304875088
public_registry,solar,mean_last_three_increments,2017-02-28,40928.0,40984.83799283154,56.83799283154076,0.05683799283154076,0.13887312556572703
public_registry,solar,mean_last_three_increments,2017-03-31,41042.0,41155.916666666664,113.91666666666424,0.11391666666666424,0.2775611974725019
public_registry,solar,mean_last_three_increments,2017-04-30,41185.0,41146.1129032258,-38.887096774196834,-0.038887096774196835,-0.0944205336267982
public_registry,solar,mean_last_three_increments,2017-05-31,41377.0,41326.50555555556,-50.49444444444089,-0.050494444444440886,-0.12203505436460083
public_registry,solar,mean_last_three_increments,2017-06-30,41589.0,41523.37634408602,-65.62365591397975,-0.06562365591397974,-0.15779089642448663
public_registry,solar,mean_last_three_increments,2017-07-31,41726.0,41775.27777777778,49.27777777778101,0.049277777777781015,0.11809849441063369
public_registry,solar,mean_last_three_increments,2017-08-31,41874.0,41908.688888888886,34.68888888888614,0.03468888888888614,0.08284111594040727
public_registry,solar,mean_last_three_increments,2017-09-30,41981.0,42036.602150537634,55.60215053763386,0.055602150537633864,0.13244598875118235
public_registry,solar,mean_last_three_increments,2017-10-31,42139.0,42112.85555555556,-26.144444444442343,-0.026144444444442343,-0.062043343326710035
public_registry,solar,mean_last_three_increments,2017-11-30,42250.0,42273.37634408602,23.376344086020254,0.023376344086020254,0.05532862505566924
public_registry,solar,mean_last_three_increments,2017-12-31,42404.0,42377.75555555556,-26.244444444440887,-0.026244444444440886,-0.06189143581841545
public_registry,solar,mean_last_three_increments,2018-01-31,42669.0,42546.23333333333,-122.76666666667006,-0.12276666666667006,-0.2877186403868618
public_registry,solar,mean_last_three_increments,2018-02-28,42864.0,42829.68387096774,-34.316129032260505,-0.03431612903226051,-0.08005815843659132
public_registry,solar,mean_last_three_increments,2018-03-31,43028.0,43075.630952380954,47.63095238095411,0.04763095238095411,0.11069757455832041
public_registry,solar,mean_last_three_increments,2018-04-30,43252.0,43236.02995391705,-15.970046082948102,-0.0159700460829481,-0.036923254607759415
public_registry,solar,mean_last_three_increments,2018-05-31,43500.0,43455.78650793651,-44.213492063492595,-0.04421349206349259,-0.10164021164021286
public_registry,solar,mean_last_three_increments,2018-06-30,43857.0,43707.56989247312,-149.43010752688133,-0.14943010752688132,-0.3407212247232627
public_registry,solar,mean_last_three_increments,2018-07-31,44166.0,44139.78888888889,-26.21111111110804,-0.026211111111108038,-0.05934680775055029
public_registry,solar,mean_last_three_increments,2018-08-31,44487.0,44474.63333333333,-12.366666666668607,-0.012366666666668608,-0.027798383048235682
public_registry,solar,mean_last_three_increments,2018-09-30,44678.0,44809.22580645161,131.2258064516136,0.1312258064516136,0.29371459432296343
public_registry,solar,mean_last_three_increments,2018-10-31,44870.0,44953.78888888889,83.78888888889196,0.08378888888889197,0.18673699328926224
public_registry,solar,mean_last_three_increments,2018-11-30,45075.0,45099.15053763441,24.150537634406646,0.024150537634406645,0.05357856380345346
public_registry,solar,mean_last_three_increments,2018-12-31,45408.0,45275.4,-132.59999999999854,-0.13259999999999855,-0.29201902748414055
public_registry,solar,mean_last_three_increments,2019-01-31,46241.0,45653.61111111111,-587.3888888888905,-0.5873888888888905,-1.2702772191105092
public_registry,solar,mean_last_three_increments,2019-02-28,46574.0,46655.831541218635,81.83154121863481,0.08183154121863481,0.1757021969739228
public_registry,solar,mean_last_three_increments,2019-03-31,46896.0,47085.55952380953,189.55952380952658,0.1895595238095266,0.4042125635651795
public_registry,solar,mean_last_three_increments,2019-04-30,47158.0,47387.50921658986,229.50921658986044,0.22950921658986045,0.4866814041941144
public_registry,solar,mean_last_three_increments,2019-05-31,47422.0,47478.47063492063,56.47063492063171,0.05647063492063171,0.11908109088741874
public_registry,solar,mean_last_three_increments,2019-06-30,47676.0,47698.36559139785,22.36559139785095,0.022365591397850947,0.046911635619286324
public_registry,solar,mean_last_three_increments,2019-07-31,47953.0,47941.73333333333,-11.266666666670062,-0.011266666666670063,-0.023495227966279612
public_registry,solar,mean_last_three_increments,2019-08-31,48290.0,48220.822222222225,-69.17777777777519,-0.06917777777777519,-0.14325487218425179
public_registry,solar,mean_last_three_increments,2019-09-30,48578.0,48572.7311827957,-5.268817204298102,-0.005268817204298102,-0.010846097419198201
public_registry,solar,mean_last_three_increments,2019-10-31,48961.0,48881.86666666667,-79.1333333333314,-0.07913333333333139,-0.16162523913590693
public_registry,solar,mean_last_three_increments,2019-11-30,49168.0,49289.25806451613,121.2580645161288,0.12125806451612879,0.2466198839003596
public_registry,solar,mean_last_three_increments,2019-12-31,49418.0,49466.166666666664,48.16666666666424,0.04816666666666424,0.09746785921458627
public_registry,solar,mean_last_three_increments,2020-01-31,49933.0,49700.3,-232.6999999999971,-0.23269999999999708,-0.46602447279353754
public_registry,solar,mean_last_three_increments,2020-02-29,50232.0,50238.24838709678,6.248387096777151,0.006248387096777151,0.012439056969217134
public_registry,solar,mean_last_three_increments,2020-03-31,50593.0,50593.54022988506,0.5402298850603984,0.0005402298850603984,0.0010677957129650315
public_registry,solar,mean_last_three_increments,2020-04-30,50975.0,50978.68409343715,3.6840934371502954,0.0036840934371502954,0.007227255394115342
public_registry,solar,mean_last_three_increments,2020-05-31,51449.0,51333.451340996166,-115.54865900383447,-0.11554865900383447,-0.22458873642604224
public_registry,solar,mean_last_three_increments,2020-06-30,51906.0,51845.68817204301,-60.31182795698987,-0.060311827956989875,-0.11619432812582337
public_registry,solar,mean_last_three_increments,2020-07-31,52326.0,52352.98888888889,26.98888888888905,0.02698888888888905,0.05157835280527664
public_registry,solar,mean_last_three_increments,2020-08-31,52725.0,52781.41111111111,56.411111111112405,0.056411111111112404,0.10699120172804627
public_registry,solar,mean_last_three_increments,2020-09-30,53109.0,53141.52688172043,32.5268817204269,0.0325268817204269,0.06124551718244912
public_registry,solar,mean_last_three_increments,2020-10-31,53525.0,53514.26666666667,-10.733333333329938,-0.010733333333329938,-0.020052934765679473
public_registry,solar,mean_last_three_increments,2020-11-30,54035.0,53915.903225806454,-119.09677419354557,-0.11909677419354557,-0.22040672562884345
public_registry,solar,mean_last_three_increments,2020-12-31,54560.0,54481.6,-78.40000000000146,-0.07840000000000145,-0.14369501466275927
public_registry,solar,mean_last_three_increments,2021-01-31,54954.0,55049.333333333336,95.33333333333576,0.09533333333333575,0.17347842437918215
public_registry,solar,mean_last_three_increments,2021-02-28,55343.0,55389.354838709674,46.35483870967437,0.04635483870967437,0.08375917227052088
public_registry,solar,mean_last_three_increments,2021-03-31,56021.0,55792.892857142855,-228.10714285714494,-0.22810714285714492,-0.40718149061449266
public_registry,solar,mean_last_three_increments,2021-04-30,56626.0,56505.735023041474,-120.26497695852595,-0.12026497695852595,-0.21238472955625673
public_registry,solar,mean_last_three_increments,2021-05-31,57024.0,57203.94841269841,179.9484126984098,0.1799484126984098,0.31556609970961313
public_registry,solar,mean_last_three_increments,2021-06-30,57477.0,57572.76344086022,95.76344086021709,0.09576344086021708,0.16661175924320526
public_registry,solar,mean_last_three_increments,2021-07-31,57997.0,57974.08888888889,-22.911111111112405,-0.022911111111112405,-0.039503959017039514
public_registry,solar,mean_last_three_increments,2021-08-31,58407.0,58459.03333333333,52.03333333333285,0.05203333333333285,0.08908749522032093
public_registry,solar,mean_last_three_increments,2021-09-30,58878.0,58858.0,-20.0,-0.02,-0.0339685451272122
public_registry,solar,mean_last_three_increments,2021-10-31,59302.0,59350.23333333333,48.23333333332994,0.048233333333329936,0.08133508706844615
public_registry,solar,mean_last_three_increments,2021-11-30,59666.0,59728.032258064515,62.03225806451519,0.06203225806451519,0.10396583994991317
public_registry,solar,mean_last_three_increments,2021-12-31,60265.0,60094.944444444445,-170.05555555555475,-0.17005555555555474,-0.28217963254883394
public_registry,solar,mean_last_three_increments,2022-01-31,60772.0,60731.37777777778,-40.622222222220444,-0.04062222222222044,-0.06684364875636879
public_registry,solar,mean_last_three_increments,2022-02-28,61475.0,61218.23369175627,-256.7663082437284,-0.2567663082437284,-0.41767597924965993
public_registry,solar,mean_last_three_increments,2022-03-31,62330.0,62103.107142857145,-226.89285714285506,-0.22689285714285506,-0.3640187022988209
public_registry,solar,mean_last_three_increments,2022-04-30,62813.0,63020.42626728111,207.42626728110918,0.2074262672811092,0.3302282446008138
public_registry,solar,mean_last_three_increments,2022-05-31,63468.0,63523.80714285714,55.807142857142026,0.05580714285714203,0.08792957530904082
public_registry,solar,mean_last_three_increments,2022-06-30,64040.0,64116.096774193546,76.09677419354557,0.07609677419354557,0.11882694283814112
public_registry,solar,mean_last_three_increments,2022-07-31,64540.0,64621.72222222222,81.72222222221899,0.08172222222221899,0.12662259408462812
public_registry,solar,mean_last_three_increments,2022-08-31,65235.0,65122.02222222222,-112.9777777777781,-0.11297777777777811,-0.17318583241784027
public_registry,solar,mean_last_three_increments,2022-09-30,66090.0,65811.15053763441,-278.8494623655861,-0.27884946236558605,-0.4219238347186958
public_registry,solar,mean_last_three_increments,2022-10-31,66714.0,66782.83333333333,68.83333333332848,0.06883333333332849,0.10317674451138963
public_registry,solar,mean_last_three_increments,2022-11-30,67375.0,67424.48387096774,49.483870967742405,0.049483870967742406,0.07344544856065663
public_registry,solar,mean_last_three_increments,2022-12-31,67842.0,68105.17777777778,263.1777777777752,0.2631777777777752,0.3879275047577831
public_registry,solar,mean_last_three_increments,2023-01-31,68865.0,68433.34444444445,-431.6555555555533,-0.4316555555555533,-0.6268141371604636
public_registry,solar,mean_last_three_increments,2023-02-28,69793.0,69519.24659498208,-273.7534050179238,-0.2737534050179238,-0.39223619133426535
public_registry,solar,mean_last_three_increments,2023-03-31,71056.0,70632.14285714286,-423.85714285714494,-0.42385714285714493,-0.5965114034805574
public_registry,solar,mean_last_three_increments,2023-04-30,72246.0,72124.84792626728,-121.15207373272278,-0.12115207373272278,-0.16769381520461032
public_registry,solar,mean_last_three_increments,2023-05-31,73602.0,73419.36507936507,-182.63492063492595,-0.18263492063492595,-0.24813852970697256
public_registry,solar,mean_last_three_increments,2023-06-30,74995.0,74843.50537634408,-151.49462365591899,-0.15149462365591898,-0.2020062986278005
public_registry,solar,mean_last_three_increments,2023-07-31,76504.0,76336.7,-167.3000000000029,-0.16730000000000292,-0.21868137613719923
public_registry,solar,mean_last_three_increments,2023-08-31,77902.0,77938.8111111111,36.811111111106584,0.03681111111110658,0.04725310147506685
public_registry,solar,mean_last_three_increments,2023-09-30,79137.0,79304.0752688172,167.07526881720696,0.16707526881720697,0.211121559848373
public_registry,solar,mean_last_three_increments,2023-10-31,80682.0,80531.38888888889,-150.6111111111095,-0.1506111111111095,-0.1866725057771368
public_registry,solar,mean_last_three_increments,2023-11-30,82134.0,82043.02150537634,-90.97849462366139,-0.0909784946236614,-0.11076837195760755
public_registry,solar,mean_last_three_increments,2023-12-31,83302.0,83574.52222222222,272.5222222222219,0.2725222222222219,0.3271496749444454
public_registry,solar,mean_last_three_increments,2024-01-31,84933.0,84706.46666666666,-226.53333333334012,-0.22653333333334014,-0.2667200420723866
public_registry,solar,mean_last_three_increments,2024-02-29,86191.0,86273.67311827956,82.67311827956291,0.08267311827956292,0.09591850457653689
public_registry,solar,mean_last_three_increments,2024-03-31,87618.0,87572.25287356322,-45.74712643677776,-0.04574712643677776,-0.052212018576979345
public_registry,solar,mean_last_three_increments,2024-04-30,88991.0,89038.2447163515,47.244716351502575,0.047244716351502576,0.053089319539619255
public_registry,solar,mean_last_three_increments,2024-05-31,90226.0,90387.84176245211,161.84176245210983,0.16184176245210982,0.1793737530779485
public_registry,solar,mean_last_three_increments,2024-06-30,91757.0,91542.37634408602,-214.62365591397975,-0.21462365591397975,-0.23390439521124248
public_registry,solar,mean_last_three_increments,2024-07-31,93439.0,93168.93333333333,-270.0666666666657,-0.2700666666666657,-0.2890299196980551
public_registry,solar,mean_last_three_increments,2024-08-31,94514.0,94938.67777777778,424.6777777777752,0.4246777777777752,0.4493279067416205
public_registry,solar,mean_last_three_increments,2024-09-30,95813.0,95913.68817204301,100.68817204301013,0.10068817204301013,0.10508821563150109
public_registry,solar,mean_last_three_increments,2024-10-31,97530.0,97179.43333333333,-350.5666666666657,-0.3505666666666657,-0.35944495710721386
public_registry,solar,mean_last_three_increments,2024-11-30,98768.0,98863.64516129032,95.64516129031836,0.09564516129031836,0.096838208013039
public_registry,solar,mean_last_three_increments,2024-12-31,100788.0,100214.1888888889,-573.8111111111066,-0.5738111111111066,-0.5693248314393644
public_registry,solar,mean_last_three_increments,2025-01-31,102375.0,102460.08888888889,85.0888888888876,0.08508888888888759,0.08311490978157518
public_registry,solar,mean_last_three_increments,2025-02-28,104221.0,103846.13405017921,-374.8659498207853,-0.3748659498207853,-0.3596837008096116
public_registry,solar,mean_last_three_increments,2025-03-31,105113.0,106104.59523809524,991.5952380952367,0.9915952380952368,0.9433611809150502
public_registry,solar,mean_last_three_increments,2025-04-30,106196.0,106571.96313364056,375.9631336405582,0.3759631336405582,0.3540275845046501
public_registry,solar,mean_last_three_increments,2025-05-31,107476.0,107547.62857142858,71.62857142857683,0.07162857142857683,0.06664610836705574
public_registry,solar,mean_last_three_increments,2025-06-30,108599.0,108537.64516129032,-61.354838709681644,-0.06135483870968164,-0.056496688468293116
public_registry,solar,mean_last_three_increments,2025-07-31,110197.0,109785.51111111112,-411.4888888888818,-0.4114888888888818,-0.37341206102605495
public_registry,solar,mean_last_three_increments,2025-08-31,112238.0,111543.14444444445,-694.8555555555504,-0.6948555555555503,-0.6190911772800214
public_registry,solar,mean_last_three_increments,2025-09-30,113275.0,113786.20430107527,511.2043010752677,0.5112043010752677,0.451294902736939
public_registry,solar,mean_last_three_increments,2025-10-31,114619.0,114845.1888888889,226.18888888889342,0.2261888888888934,0.19733978562794424
public_registry,solar,mean_last_three_increments,2025-11-30,116569.0,116056.60215053764,-512.3978494623589,-0.5123978494623589,-0.43956613633329517
public_registry,solar,mean_last_three_increments,2025-12-31,118051.0,118045.85555555555,-5.1444444444496185,-0.005144444444449618,-0.00435781521922696
public_registry,solar,mean_last_three_increments,2026-01-31,119363.0,119664.66666666667,301.6666666666715,0.3016666666666715,0.2527304664482892
public_registry,solar,mean_last_three_increments,2026-02-28,120280.0,120810.87096774194,530.8709677419392,0.5308709677419392,0.44136262698864254
public_registry,solar,mean_last_three_increments,2026-03-31,121860.0,121549.75,-310.25,-0.31025,-0.2545954373871656
public_registry,solar,mean_last_three_increments,2026-04-30,123184.0,123120.40322580645,-63.59677419354557,-0.06359677419354558,-0.05162746313932457
public_registry,solar,mean_last_three_increments,2026-05-31,124545.0,124505.12777777777,-39.87222222222772,-0.03987222222222772,-0.0320143098656933
public_registry,solar,mean_last_three_increments,2026-06-30,125933.0,125935.04301075269,2.043010752691771,0.002043010752691771,0.0016222997567688937
public_registry,solar,mean_last_three_increments,2026-07-31,127746.0,127320.8,-425.1999999999971,-0.4251999999999971,-0.3328479952405532
public_registry,solar,mean_last_three_increments,2026-08-31,128841.0,129282.08888888889,441.0888888888876,0.4410888888888876,0.34235133916135985
public_registry,solar,linear_regression_last_three,2015-04-30,38206.0,38199.556831228474,-6.443168771525961,-0.006443168771525961,-0.01686428511628006
public_registry,solar,linear_regression_last_three,2015-05-31,38300.0,38301.543532783944,1.5435327839441015,0.0015435327839441015,0.0040301117074258526
public_registry,solar,linear_regression_last_three,2015-06-30,38386.0,38391.472590469355,5.472590469355055,0.005472590469355055,0.014256735448744477
public_registry,solar,linear_regression_last_three,2015-07-31,38570.0,38477.48943031172,-92.51056968828198,-0.09251056968828197,-0.2398511010844749
public_registry,solar,linear_regression_last_three,2015-08-31,38887.0,38707.4729487639,-179.52705123610212,-0.17952705123610213,-0.46166341254430043
public_registry,solar,linear_regression_last_three,2015-09-30,38956.0,39129.41935483875,173.4193548387484,0.1734193548387484,0.4451672523840959
public_registry,solar,linear_regression_last_three,2015-10-31,39018.0,39152.83500537443,134.83500537442887,0.13483500537442888,0.3455712885704774
public_registry,solar,linear_regression_last_three,2015-11-30,39088.0,39082.40164815478,-5.59835184521944,-0.00559835184521944,-0.014322431040778348
public_registry,solar,linear_regression_last_three,2015-12-31,39236.0,39155.053744177705,-80.94625582229492,-0.08094625582229492,-0.20630608579441054
public_registry,solar,linear_regression_last_three,2016-01-31,39298.0,39346.99355069867,48.99355069867306,0.04899355069867306,0.12467186803062004
public_registry,solar,linear_regression_last_three,2016-02-29,39345.0,39396.225806451606,51.22580645160633,0.051225806451606334,0.1301964835470996
public_registry,solar,linear_regression_last_three,2016-03-31,39416.0,39401.38189559423,-14.618104405766644,-0.014618104405766644,-0.03708672723200387
public_registry,solar,linear_regression_last_three,2016-04-30,39504.0,39475.11144020733,-28.888559792671003,-0.028888559792671003,-0.07312818902559488
public_registry,solar,linear_regression_last_three,2016-05-31,39602.0,39584.74883554283,-17.2511644571714,-0.017251164457171397,-0.04356134654101156
public_registry,solar,linear_regression_last_three,2016-06-30,39702.0,39693.494088140455,-8.50591185954545,-0.00850591185954545,-0.021424391364529366
public_registry,solar,linear_regression_last_three,2016-07-31,39780.0,39802.60838409172,22.608384091719927,0.022608384091719926,0.056833544725288905
public_registry,solar,linear_regression_last_three,2016-08-31,39889.0,39870.3898244357,-18.610175564303063,-0.018610175564303062,-0.04665490627567265
public_registry,solar,linear_regression_last_three,2016-09-30,39999.0,39979.48387096774,-19.516129032257595,-0.019516129032257596,-0.04879154236920322
public_registry,solar,linear_regression_last_three,2016-10-31,40109.0,40110.28233608026,1.2823360802576644,0.0012823360802576645,0.00319712802677121
public_registry,solar,linear_regression_last_three,2016-11-30,40260.0,40217.187029738445,-42.812970261555165,-0.042812970261555165,-0.10634120780316733
public_registry,solar,linear_regression_last_three,2016-12-31,40735.0,40392.51361519168,-342.4863848083187,-0.34248638480831867,-0.8407668707703908
public_registry,solar,linear_regression_last_three,2017-01-31,40781.0,41054.00232891435,273.0023289143501,0.27300232891435006,0.6694351019208702
public_registry,solar,linear_regression_last_three,2017-02-28,40928.0,41016.290322580666,88.29032258066582,0.08829032258066581,0.21572107745471514
public_registry,solar,linear_regression_last_three,2017-03-31,41042.0,41028.42078071184,-13.579219288163586,-0.013579219288163585,-0.03308615391102672
public_registry,solar,linear_regression_last_three,2017-04-30,41185.0,41174.31343283582,-10.686567164178996,-0.010686567164178996,-0.02594771680024037
public_registry,solar,linear_regression_last_three,2017-05-31,41377.0,41315.514331780716,-61.48566821928398,-0.06148566821928398,-0.14859866162187685
public_registry,solar,linear_regression_last_three,2017-06-30,41589.0,41541.87101397349,-47.128986026509665,-0.04712898602650967,-0.1133207964281653
public_registry,solar,linear_regression_last_three,2017-07-31,41726.0,41794.2375492655,68.23754926549736,0.06823754926549737,0.16353724120571675
public_registry,solar,linear_regression_last_three,2017-08-31,41874.0,41903.13651021141,29.136510211406858,0.029136510211406858,0.0695813875230617
public_registry,solar,linear_regression_last_three,2017-09-30,41981.0,42011.903225806454,30.90322580645443,0.03090322580645443,0.07361240991509119
public_registry,solar,linear_regression_last_three,2017-10-31,42139.0,42110.69240415621,-28.307595843791205,-0.028307595843791205,-0.06717671478628161
public_registry,solar,linear_regression_last_three,2017-11-30,42250.0,42269.45324256539,19.45324256538879,0.01945324256538879,0.04604317766955927
public_registry,solar,linear_regression_last_three,2017-12-31,42404.0,42386.8231816553,-17.176818344698404,-0.017176818344698405,-0.0405075425542364
public_registry,solar,linear_regression_last_three,2018-01-31,42669.0,42538.7794697241,-130.220530275903,-0.130220530275903,-0.30518767788301343
public_registry,solar,linear_regression_last_three,2018-02-28,42864.0,42858.22580645163,-5.774193548371841,-0.0057741935483718405,-0.01347096292546622
public_registry,solar,linear_regression_last_three,2018-03-31,43028.0,43106.10964408722,78.10964408722066,0.07810964408722065,0.18153212811941216
public_registry,solar,linear_regression_last_three,2018-04-30,43252.0,43210.118254879424,-41.88174512057594,-0.04188174512057594,-0.09683192712608883
public_registry,solar,linear_regression_last_three,2018-05-31,43500.0,43448.996058760305,-51.00394123969454,-0.05100394123969454,-0.11725043963148171
public_registry,solar,linear_regression_last_three,2018-06-30,43857.0,43732.17484772479,-124.82515227521071,-0.12482515227521071,-0.2846185381471845
public_registry,solar,linear_regression_last_three,2018-07-31,44166.0,44164.12880687928,-1.8711931207217276,-0.0018711931207217277,-0.004236727620164216
public_registry,solar,linear_regression_last_three,2018-08-31,44487.0,44504.2954138302,17.29541383020114,0.017295413830201143,0.03887745595387673
public_registry,solar,linear_regression_last_three,2018-09-30,44678.0,44791.83870967741,113.8387096774095,0.1138387096774095,0.25479813258742445
public_registry,solar,linear_regression_last_three,2018-10-31,44870.0,44938.53439627373,68.53439627373155,0.06853439627373155,0.15273990700631054
public_registry,solar,linear_regression_last_three,2018-11-30,45075.0,45058.34647079903,-16.653529200972116,-0.016653529200972118,-0.03694626555956099
public_registry,solar,linear_regression_last_three,2018-12-31,45408.0,45276.6999283411,-131.3000716589013,-0.13130007165890129,-0.2891562536533238
public_registry,solar,linear_regression_last_three,2019-01-31,46241.0,45681.74077391617,-559.2592260838283,-0.5592592260838283,-1.2094444888385378
public_registry,solar,linear_regression_last_three,2019-02-28,46574.0,46767.58064516133,193.58064516133163,0.19358064516133164,0.4156410124991017
public_registry,solar,linear_regression_last_three,2019-03-31,46896.0,47190.56544202069,294.565442020692,0.294565442020692,0.6281248763661975
public_registry,solar,linear_regression_last_three,2019-04-30,47158.0,47228.6693455798,70.6693455798013,0.0706693455798013,0.14985653670596993
public_registry,solar,linear_regression_last_three,2019-05-31,47422.0,47454.926907918365,32.92690791836503,0.032926907918365035,0.06943382379141545
public_registry,solar,linear_regression_last_three,2019-06-30,47676.0,47680.670727337885,4.670727337885182,0.004670727337885182,0.00979681042429143
public_registry,solar,linear_regression_last_three,2019-07-31,47953.0,47939.25008957363,-13.749910426369752,-0.013749910426369753,-0.028673723075448358
public_registry,solar,linear_regression_last_three,2019-08-31,48290.0,48222.89215335003,-67.10784664996754,-0.06710784664996754,-0.1389684130254039
public_registry,solar,linear_regression_last_three,2019-09-30,48578.0,48587.09677419349,9.096774193487363,0.009096774193487363,0.018726119217521025
public_registry,solar,linear_regression_last_three,2019-10-31,48961.0,48895.73056252239,-65.26943747761106,-0.06526943747761106,-0.1333090367386513
public_registry,solar,linear_regression_last_three,2019-11-30,49168.0,49291.22572554648,123.22572554647923,0.12322572554647923,0.25062179780849175
public_registry,solar,linear_regression_last_three,2019-12-31,49418.0,49468.29792189179,50.29792189178988,0.05029792189178988,0.10178056961388539
public_registry,solar,linear_regression_last_three,2020-01-31,49933.0,49650.34450017913,-282.6554998208667,-0.2826554998208667,-0.5660695328157064
public_registry,solar,linear_regression_last_three,2020-02-29,50232.0,50290.82258064512,58.8225806451228,0.058822580645122795,0.11710180889696369
public_registry,solar,linear_regression_last_three,2020-03-31,50593.0,50653.65049981483,60.650499814830255,0.060650499814830255,0.11987923193886557
public_registry,solar,linear_regression_last_three,2020-04-30,50975.0,50923.22213994824,-51.77786005176313,-0.05177786005176313,-0.10157500745809342
public_registry,solar,linear_regression_last_three,2020-05-31,51449.0,51352.49802938012,-96.50197061988001,-0.09650197061988001,-0.18756821438682972
public_registry,solar,linear_regression_last_three,2020-06-30,51906.0,51870.193120745294,-35.806879254705564,-0.03580687925470556,-0.06898408518226326
public_registry,solar,linear_regression_last_three,2020-07-31,52326.0,52379.13597276964,53.13597276963992,0.05313597276963992,0.10154793557627168
public_registry,solar,linear_regression_last_three,2020-08-31,52725.0,52771.545861698345,46.54586169834511,0.046545861698345105,0.08828043944683757
public_registry,solar,linear_regression_last_three,2020-09-30,53109.0,53121.29032258066,12.29032258065854,0.01229032258065854,0.023141694591610723
public_registry,solar,linear_regression_last_three,2020-10-31,53525.0,53506.924041562146,-18.075958437853842,-0.018075958437853843,-0.033771057333683026
public_registry,solar,linear_regression_last_three,2020-11-30,54035.0,53918.49337155141,-116.50662844858743,-0.11650662844858743,-0.21561326630625974
public_registry,solar,linear_regression_last_three,2020-12-31,54560.0,54505.28699390898,-54.71300609102036,-0.05471300609102036,-0.10028043638383498
public_registry,solar,linear_regression_last_three,2021-01-31,54954.0,55085.97814403437,131.97814403437224,0.13197814403437225,0.24016112391158467
public_registry,solar,linear_regression_last_three,2021-02-28,55343.0,55369.03225806451,26.032258064507914,0.026032258064507915,0.047038032026648205
public_registry,solar,linear_regression_last_three,2021-03-31,56021.0,55754.097014925384,-266.9029850746156,-0.2669029850746156,-0.4764338106685271
public_registry,solar,linear_regression_last_three,2021-04-30,56626.0,56565.56371986228,-60.43628013772104,-0.060436280137721045,-0.1067288527138082
public_registry,solar,linear_regression_last_three,2021-05-31,57024.0,57278.16069509133,254.1606950913265,0.2541606950913265,0.4457082896522981
public_registry,solar,linear_regression_last_three,2021-06-30,57477.0,57516.67825152271,39.678251522709616,0.039678251522709616,0.06903326812935542
public_registry,solar,linear_regression_last_three,2021-07-31,57997.0,57909.28394840547,-87.71605159452884,-0.08771605159452883,-0.15124239459718405
public_registry,solar,linear_regression_last_three,2021-08-31,58407.0,58491.6171623074,84.61716230739694,0.08461716230739694,0.14487503605286514
public_registry,solar,linear_regression_last_three,2021-09-30,58878.0,58857.00000000004,-20.99999999996362,-0.02099999999996362,-0.03566697238351102
public_registry,solar,linear_regression_last_three,2021-10-31,59302.0,59325.51182371908,23.511823719083623,0.023511823719083624,0.03964760668962872
public_registry,solar,linear_regression_last_three,2021-11-30,59666.0,59741.998208527395,75.99820852739504,0.07599820852739504,0.12737272236683375
public_registry,solar,linear_regression_last_three,2021-12-31,60265.0,60066.58975277677,-198.41024722323345,-0.19841024722323344,-0.32922964776111086
public_registry,solar,linear_regression_last_three,2022-01-31,60772.0,60755.00214976714,-16.99785023285949,-0.01699785023285949,-0.027969871376389607
public_registry,solar,linear_regression_last_three,2022-02-28,61475.0,61271.48387096781,-203.5161290321921,-0.2035161290321921,-0.3310551102597676
public_registry,solar,linear_regression_last_three,2022-03-31,62330.0,62108.47129735933,-221.52870264067315,-0.22152870264067315,-0.355412646623894
public_registry,solar,linear_regression_last_three,2022-04-30,62813.0,63122.83008036756,309.8300803675593,0.30983008036755927,0.49325789305965206
public_registry,solar,linear_regression_last_three,2022-05-31,63468.0,63493.93926907911,25.939269079106452,0.02593926907910645,0.04086983846837217
public_registry,solar,linear_regression_last_three,2022-06-30,64040.0,64028.084199211735,-11.915800788265187,-0.011915800788265186,-0.018606809475742014
public_registry,solar,linear_regression_last_three,2022-07-31,64540.0,64663.731995700495,123.73199570049474,0.12373199570049473,0.19171365928183254
public_registry,solar,linear_regression_last_three,2022-08-31,65235.0,65084.538158366086,-150.46184163391445,-0.15046184163391443,-0.23064588278365056
public_registry,solar,linear_regression_last_three,2022-09-30,66090.0,65813.2258064516,-276.77419354839367,-0.27677419354839367,-0.4187837699325067
public_registry,solar,linear_regression_last_three,2022-10-31,66714.0,66877.19007524176,163.19007524175686,0.16319007524175685,0.24461143874112906
public_registry,solar,linear_regression_last_three,2022-11-30,67375.0,67440.69115012528,65.69115012527618,0.06569115012527618,0.09750077940671789
public_registry,solar,linear_regression_last_three,2022-12-31,67842.0,68027.87155141524,185.87155141524272,0.18587155141524273,0.2739771106618949
public_registry,solar,linear_regression_last_three,2023-01-31,68865.0,68414.65585811537,-450.34414188463415,-0.4503441418846342,-0.6539521409781953
public_registry,solar,linear_regression_last_three,2023-02-28,69793.0,69537.90322580647,-255.09677419353102,-0.255096774193531,-0.3655048130808692
public_registry,solar,linear_regression_last_three,2023-03-31,71056.0,70818.06429391504,-237.93570608495793,-0.23793570608495793,-0.3348566005473963
public_registry,solar,linear_regression_last_three,2023-04-30,72246.0,72171.99311136604,-74.00688863395771,-0.07400688863395771,-0.10243735104221371
public_registry,solar,linear_regression_last_three,2023-05-31,73602.0,73492.69759942665,-109.30240057334595,-0.10930240057334595,-0.14850466097843257
public_registry,solar,linear_regression_last_three,2023-06-30,74995.0,74854.46506628445,-140.5349337155494,-0.14053493371554943,-0.18739240444769573
public_registry,solar,linear_regression_last_three,2023-07-31,76504.0,76391.80490863496,-112.1950913650362,-0.1121950913650362,-0.14665258204150922
public_registry,solar,linear_regression_last_three,2023-08-31,77902.0,77978.97689000343,76.97689000342507,0.07697689000342507,0.09881246951737449
public_registry,solar,linear_regression_last_three,2023-09-30,79137.0,79308.61290322585,171.61290322584682,0.17161290322584682,0.21685545727769162
public_registry,solar,linear_regression_last_three,2023-10-31,80682.0,80475.41472590454,-206.58527409545786,-0.20658527409545785,-0.25604877679712684
public_registry,solar,linear_regression_last_three,2023-11-30,82134.0,82049.92368326771,-84.07631673228752,-0.08407631673228752,-0.10236481448886883
public_registry,solar,linear_regression_last_three,2023-12-31,83302.0,83657.18738803278,355.18738803277665,0.35518738803277666,0.4263851864694445
public_registry,solar,linear_regression_last_three,2024-01-31,84933.0,84632.5675385166,-300.43246148340404,-0.300432461483404,-0.3537287761922975
public_registry,solar,linear_regression_last_three,2024-02-29,86191.0,86242.20967741923,51.20967741923232,0.05120967741923232,0.05941418178142999
public_registry,solar,linear_regression_last_three,2024-03-31,87618.0,87685.23787486136,67.23787486135552,0.06723787486135552,0.07673979645889603
public_registry,solar,linear_regression_last_three,2024-04-30,88991.0,88960.94150314688,-30.058496853118413,-0.030058496853118413,-0.03377700762225215
public_registry,solar,linear_regression_last_three,2024-05-31,90226.0,90413.97330705833,187.97330705833156,0.18797330705833157,0.2083360750319548
public_registry,solar,linear_regression_last_three,2024-06-30,91757.0,91508.13722680049,-248.8627731995075,-0.2488627731995075,-0.27121938729416556
public_registry,solar,linear_regression_last_three,2024-07-31,93439.0,93161.72429236822,-277.27570763177937,-0.2772757076317794,-0.2967451574094108
public_registry,solar,linear_regression_last_three,2024-08-31,94514.0,95072.10910068109,558.1091006810893,0.5581091006810893,0.5905041588347646
public_registry,solar,linear_regression_last_three,2024-09-30,95813.0,95848.03225806482,35.03225806482078,0.03503225806482078,0.0365631574680062
public_registry,solar,linear_regression_last_three,2024-10-31,97530.0,97018.72895019717,-511.27104980283184,-0.5112710498028319,-0.5242192656647512
public_registry,solar,linear_regression_last_three,2024-11-30,98768.0,99014.2690791829,246.26907918289362,0.24626907918289362,0.24934095980772478
public_registry,solar,linear_regression_last_three,2024-12-31,100788.0,100270.91687567178,-517.0831243282155,-0.5170831243282155,-0.5130403662422267
public_registry,solar,linear_regression_last_three,2025-01-31,102375.0,102445.72805446091,70.72805446090933,0.07072805446090934,0.06908723268464892
public_registry,solar,linear_regression_last_three,2025-02-28,104221.0,104003.96774193524,-217.03225806476257,-0.21703225806476256,-0.20824234853317716
public_registry,solar,linear_regression_last_three,2025-03-31,105113.0,106020.9219288174,907.9219288174063,0.9079219288174063,0.8637579831394845
public_registry,solar,linear_regression_last_three,2025-04-30,106196.0,106495.78989667047,299.789896670467,0.29978989667046696,0.2822986710144139
public_registry,solar,linear_regression_last_three,2025-05-31,107476.0,107199.06825510552,-276.93174489447847,-0.27693174489447847,-0.25766845146309736
public_registry,solar,linear_regression_last_three,2025-06-30,108599.0,108638.55643138669,39.556431386692566,0.03955643138669256,0.036424305368090465
public_registry,solar,linear_regression_last_three,2025-07-31,110197.0,109820.52328914347,-376.47671085652837,-0.3764767108565284,-0.34163970966226703
public_registry,solar,linear_regression_last_three,2025-08-31,112238.0,111580.99838767479,-657.0016123252135,-0.6570016123252135,-0.58536468248295
public_registry,solar,linear_regression_last_three,2025-09-30,113275.0,113998.80645161259,723.8064516125887,0.7238064516125887,0.6389816390311972
public_registry,solar,linear_regression_last_three,2025-10-31,114619.0,114841.87728412746,222.8772841274622,0.2228772841274622,0.19445055717417023
public_registry,solar,linear_regression_last_three,2025-11-30,116569.0,115790.70369043351,-778.2963095664891,-0.7782963095664891,-0.6676700577052983
public_registry,solar,linear_regression_last_three,2025-12-31,118051.0,118241.1673235399,190.16732353990665,0.19016732353990665,0.16108912549652832
public_registry,solar,linear_regression_last_three,2026-01-31,119363.0,119793.67538516686,430.6753851668618,0.4306753851668618,0.3608114618155222
public_registry,solar,linear_regression_last_three,2026-02-28,120280.0,120624.80645161282,344.80645161282155,0.34480645161282153,0.28666981344597736
public_registry,solar,linear_regression_last_three,2026-03-31,121860.0,121453.67566016069,-406.3243398393097,-0.4063243398393097,-0.3334353683237401
public_registry,solar,linear_regression_last_three,2026-04-30,123184.0,123134.27669345611,-49.72330654389225,-0.04972330654389225,-0.040365068956919936
public_registry,solar,linear_regression_last_three,2026-05-31,124545.0,124660.3819419564,115.38194195639517,0.11538194195639517,0.09264277325978175
public_registry,solar,linear_regression_last_three,2026-06-30,125933.0,125865.47294876391,-67.52705123608757,-0.06752705123608757,-0.05362141077881697
public_registry,solar,linear_regression_last_three,2026-07-31,127746.0,127329.83267646011,-416.1673235398921,-0.4161673235398921,-0.3257771856182519
public_registry,solar,linear_regression_last_three,2026-08-31,128841.0,129373.77212468638,532.7721246863803,0.5327721246863802,0.4135113237916348
public_registry,solar,hold_last_value,2015-03-31,38114.0,38018.0,-96.0,-0.096,-0.2518759510940861
public_registry,solar,hold_last_value,2015-04-30,38206.0,38114.0,-92.0,-0.092,-0.24079987436528297
public_registry,solar,hold_last_value,2015-05-31,38300.0,38206.0,-94.0,-0.094,-0.2454308093994778
public_registry,solar,hold_last_value,2015-06-30,38386.0,38300.0,-86.0,-0.086,-0.2240400145886521
public_registry,solar,hold_last_value,2015-07-31,38570.0,38386.0,-184.0,-0.184,-0.4770547057298419
public_registry,solar,hold_last_value,2015-08-31,38887.0,38570.0,-317.0,-0.317,-0.8151824517190835
public_registry,solar,hold_last_value,2015-09-30,38956.0,38887.0,-69.0,-0.069,-0.1771229078960879
public_registry,solar,hold_last_value,2015-10-31,39018.0,38956.0,-62.0,-0.062,-0.15890102004203188
public_registry,solar,hold_last_value,2015-11-30,39088.0,39018.0,-70.0,-0.07,-0.17908309455587393
public_registry,solar,hold_last_value,2015-12-31,39236.0,39088.0,-148.0,-0.148,-0.3772046080130492
public_registry,solar,hold_last_value,2016-01-31,39298.0,39236.0,-62.0,-0.062,-0.15776884319812715
public_registry,solar,hold_last_value,2016-02-29,39345.0,39298.0,-47.0,-0.047,-0.1194560935315796
public_registry,solar,hold_last_value,2016-03-31,39416.0,39345.0,-71.0,-0.071,-0.18012989648873554
public_registry,solar,hold_last_value,2016-04-30,39504.0,39416.0,-88.0,-0.088,-0.22276225192385582
public_registry,solar,hold_last_value,2016-05-31,39602.0,39504.0,-98.0,-0.098,-0.24746224938134437
public_registry,solar,hold_last_value,2016-06-30,39702.0,39602.0,-100.0,-0.1,-0.25187647977431865
public_registry,solar,hold_last_value,2016-07-31,39780.0,39702.0,-78.0,-0.078,-0.19607843137254902
public_registry,solar,hold_last_value,2016-08-31,39889.0,39780.0,-109.0,-0.109,-0.273258291759633
public_registry,solar,hold_last_value,2016-09-30,39999.0,39889.0,-110.0,-0.11,-0.27500687517187933
public_registry,solar,hold_last_value,2016-10-31,40109.0,39999.0,-110.0,-0.11,-0.2742526614974195
public_registry,solar,hold_last_value,2016-11-30,40260.0,40109.0,-151.0,-0.151,-0.3750620963735718
public_registry,solar,hold_last_value,2016-12-31,40735.0,40260.0,-475.0,-0.475,-1.1660734012519947
public_registry,solar,hold_last_value,2017-01-31,40781.0,40735.0,-46.0,-0.046,-0.11279762634560213
public_registry,solar,hold_last_value,2017-02-28,40928.0,40781.0,-147.0,-0.147,-0.3591673182173573
public_registry,solar,hold_last_value,2017-03-31,41042.0,40928.0,-114.0,-0.114,-0.27776424150869844
public_registry,solar,hold_last_value,2017-04-30,41185.0,41042.0,-143.0,-0.143,-0.34721379142891834
public_registry,solar,hold_last_value,2017-05-31,41377.0,41185.0,-192.0,-0.192,-0.464025908113203
public_registry,solar,hold_last_value,2017-06-30,41589.0,41377.0,-212.0,-0.212,-0.5097501743249416
public_registry,solar,hold_last_value,2017-07-31,41726.0,41589.0,-137.0,-0.137,-0.3283324545846714
public_registry,solar,hold_last_value,2017-08-31,41874.0,41726.0,-148.0,-0.148,-0.3534412762095811
public_registry,solar,hold_last_value,2017-09-30,41981.0,41874.0,-107.0,-0.107,-0.25487720635525596
public_registry,solar,hold_last_value,2017-10-31,42139.0,41981.0,-158.0,-0.158,-0.37494957165571086
public_registry,solar,hold_last_value,2017-11-30,42250.0,42139.0,-111.0,-0.111,-0.2627218934911243
public_registry,solar,hold_last_value,2017-12-31,42404.0,42250.0,-154.0,-0.154,-0.3631732855391001
public_registry,solar,hold_last_value,2018-01-31,42669.0,42404.0,-265.0,-0.265,-0.6210597857929645
public_registry,solar,hold_last_value,2018-02-28,42864.0,42669.0,-195.0,-0.195,-0.4549272116461366
public_registry,solar,hold_last_value,2018-03-31,43028.0,42864.0,-164.0,-0.164,-0.38114715998884446
public_registry,solar,hold_last_value,2018-04-30,43252.0,43028.0,-224.0,-0.224,-0.517895126236937
public_registry,solar,hold_last_value,2018-05-31,43500.0,43252.0,-248.0,-0.248,-0.5701149425287356
public_registry,solar,hold_last_value,2018-06-30,43857.0,43500.0,-357.0,-0.357,-0.8140091661536357
public_registry,solar,hold_last_value,2018-07-31,44166.0,43857.0,-309.0,-0.309,-0.6996332020105964
public_registry,solar,hold_last_value,2018-08-31,44487.0,44166.0,-321.0,-0.321,-0.7215591071548992
public_registry,solar,hold_last_value,2018-09-30,44678.0,44487.0,-191.0,-0.191,-0.42750346926899147
public_registry,solar,hold_last_value,2018-10-31,44870.0,44678.0,-192.0,-0.192,-0.42790283039893023
public_registry,solar,hold_last_value,2018-11-30,45075.0,44870.0,-205.0,-0.205,-0.4547975596228508
public_registry,solar,hold_last_value,2018-12-31,45408.0,45075.0,-333.0,-0.333,-0.7333509513742071
public_registry,solar,hold_last_value,2019-01-31,46241.0,45408.0,-833.0,-0.833,-1.801431629938799
public_registry,solar,hold_last_value,2019-02-28,46574.0,46241.0,-333.0,-0.333,-0.7149911968050844
public_registry,solar,hold_last_value,2019-03-31,46896.0,46574.0,-322.0,-0.322,-0.6866257250085295
public_registry,solar,hold_last_value,2019-04-30,47158.0,46896.0,-262.0,-0.262,-0.5555791170108996
public_registry,solar,hold_last_value,2019-05-31,47422.0,47158.0,-264.0,-0.264,-0.556703639660917
public_registry,solar,hold_last_value,2019-06-30,47676.0,47422.0,-254.0,-0.254,-0.5327628156724558
public_registry,solar,hold_last_value,2019-07-31,47953.0,47676.0,-277.0,-0.277,-0.5776489479281797
public_registry,solar,hold_last_value,2019-08-31,48290.0,47953.0,-337.0,-0.337,-0.6978670532201284
public_registry,solar,hold_last_value,2019-09-30,48578.0,48290.0,-288.0,-0.288,-0.5928609658693236
public_registry,solar,hold_last_value,2019-10-31,48961.0,48578.0,-383.0,-0.383,-0.7822552643941096
public_registry,solar,hold_last_value,2019-11-30,49168.0,48961.0,-207.0,-0.207,-0.421005532053368
public_registry,solar,hold_last_value,2019-12-31,49418.0,49168.0,-250.0,-0.25,-0.5058885426362864
public_registry,solar,hold_last_value,2020-01-31,49933.0,49418.0,-515.0,-0.515,-1.0313820519496124
public_registry,solar,hold_last_value,2020-02-29,50232.0,49933.0,-299.0,-0.299,-0.5952380952380952
public_registry,solar,hold_last_value,2020-03-31,50593.0,50232.0,-361.0,-0.361,-0.7135374458917242
public_registry,solar,hold_last_value,2020-04-30,50975.0,50593.0,-382.0,-0.382,-0.7493869543894065
public_registry,solar,hold_last_value,2020-05-31,51449.0,50975.0,-474.0,-0.474,-0.921300705553072
public_registry,solar,hold_last_value,2020-06-30,51906.0,51449.0,-457.0,-0.457,-0.8804377143297499
public_registry,solar,hold_last_value,2020-07-31,52326.0,51906.0,-420.0,-0.42,-0.8026602453847035
public_registry,solar,hold_last_value,2020-08-31,52725.0,52326.0,-399.0,-0.399,-0.7567567567567568
public_registry,solar,hold_last_value,2020-09-30,53109.0,52725.0,-384.0,-0.384,-0.7230412924363102
public_registry,solar,hold_last_value,2020-10-31,53525.0,53109.0,-416.0,-0.416,-0.7772069126576366
public_registry,solar,hold_last_value,2020-11-30,54035.0,53525.0,-510.0,-0.51,-0.943832701027112
public_registry,solar,hold_last_value,2020-12-31,54560.0,54035.0,-525.0,-0.525,-0.9622434017595308
public_registry,solar,hold_last_value,2021-01-31,54954.0,54560.0,-394.0,-0.394,-0.71696327837828
public_registry,solar,hold_last_value,2021-02-28,55343.0,54954.0,-389.0,-0.389,-0.7028892542869017
public_registry,solar,hold_last_value,2021-03-31,56021.0,55343.0,-678.0,-0.678,-1.2102604380500168
public_registry,solar,hold_last_value,2021-04-30,56626.0,56021.0,-605.0,-0.605,-1.0684138028467487
public_registry,solar,hold_last_value,2021-05-31,57024.0,56626.0,-398.0,-0.398,-0.6979517396184063
public_registry,solar,hold_last_value,2021-06-30,57477.0,57024.0,-453.0,-0.453,-0.7881413434939193
public_registry,solar,hold_last_value,2021-07-31,57997.0,57477.0,-520.0,-0.52,-0.896598099901719
public_registry,solar,hold_last_value,2021-08-31,58407.0,57997.0,-410.0,-0.41,-0.7019706542024073
public_registry,solar,hold_last_value,2021-09-30,58878.0,58407.0,-471.0,-0.471,-0.7999592377458474
public_registry,solar,hold_last_value,2021-10-31,59302.0,58878.0,-424.0,-0.424,-0.7149843175609591
public_registry,solar,hold_last_value,2021-11-30,59666.0,59302.0,-364.0,-0.364,-0.6100626822646062
public_registry,solar,hold_last_value,2021-12-31,60265.0,59666.0,-599.0,-0.599,-0.9939434165767859
public_registry,solar,hold_last_value,2022-01-31,60772.0,60265.0,-507.0,-0.507,-0.8342657802935561
public_registry,solar,hold_last_value,2022-02-28,61475.0,60772.0,-703.0,-0.703,-1.1435542903619358
public_registry,solar,hold_last_value,2022-03-31,62330.0,61475.0,-855.0,-0.855,-1.371731108615434
public_registry,solar,hold_last_value,2022-04-30,62813.0,62330.0,-483.0,-0.483,-0.7689491028927133
public_registry,solar,hold_last_value,2022-05-31,63468.0,62813.0,-655.0,-0.655,-1.0320161341148295
public_registry,solar,hold_last_value,2022-06-30,64040.0,63468.0,-572.0,-0.572,-0.8931917551530293
public_registry,solar,hold_last_value,2022-07-31,64540.0,64040.0,-500.0,-0.5,-0.7747133560582584
public_registry,solar,hold_last_value,2022-08-31,65235.0,64540.0,-695.0,-0.695,-1.0653790143327968
public_registry,solar,hold_last_value,2022-09-30,66090.0,65235.0,-855.0,-0.855,-1.2936904221516115
public_registry,solar,hold_last_value,2022-10-31,66714.0,66090.0,-624.0,-0.624,-0.9353359115028329
public_registry,solar,hold_last_value,2022-11-30,67375.0,66714.0,-661.0,-0.661,-0.9810760667903526
public_registry,solar,hold_last_value,2022-12-31,67842.0,67375.0,-467.0,-0.467,-0.6883641402081306
public_registry,solar,hold_last_value,2023-01-31,68865.0,67842.0,-1023.0,-1.023,-1.4855151383140928
public_registry,solar,hold_last_value,2023-02-28,69793.0,68865.0,-928.0,-0.928,-1.3296462395942286
public_registry,solar,hold_last_value,2023-03-31,71056.0,69793.0,-1263.0,-1.263,-1.7774712902499439
public_registry,solar,hold_last_value,2023-04-30,72246.0,71056.0,-1190.0,-1.19,-1.6471500152257563
public_registry,solar,hold_last_value,2023-05-31,73602.0,72246.0,-1356.0,-1.356,-1.8423412407271542
public_registry,solar,hold_last_value,2023-06-30,74995.0,73602.0,-1393.0,-1.393,-1.8574571638109205
public_registry,solar,hold_last_value,2023-07-31,76504.0,74995.0,-1509.0,-1.509,-1.972445885182474
public_registry,solar,hold_last_value,2023-08-31,77902.0,76504.0,-1398.0,-1.398,-1.7945623989114527
public_registry,solar,hold_last_value,2023-09-30,79137.0,77902.0,-1235.0,-1.235,-1.560584808623021
public_registry,solar,hold_last_value,2023-10-31,80682.0,79137.0,-1545.0,-1.545,-1.9149252621402542
public_registry,solar,hold_last_value,2023-11-30,82134.0,80682.0,-1452.0,-1.452,-1.767842793483819
public_registry,solar,hold_last_value,2023-12-31,83302.0,82134.0,-1168.0,-1.168,-1.402127199827135
public_registry,solar,hold_last_value,2024-01-31,84933.0,83302.0,-1631.0,-1.631,-1.9203372069749096
public_registry,solar,hold_last_value,2024-02-29,86191.0,84933.0,-1258.0,-1.258,-1.4595491408615748
public_registry,solar,hold_last_value,2024-03-31,87618.0,86191.0,-1427.0,-1.427,-1.6286607774658175
public_registry,solar,hold_last_value,2024-04-30,88991.0,87618.0,-1373.0,-1.373,-1.5428526480205864
public_registry,solar,hold_last_value,2024-05-31,90226.0,88991.0,-1235.0,-1.235,-1.368785050872254
public_registry,solar,hold_last_value,2024-06-30,91757.0,90226.0,-1531.0,-1.531,-1.6685375502686444
public_registry,solar,hold_last_value,2024-07-31,93439.0,91757.0,-1682.0,-1.682,-1.8001048812594314
public_registry,solar,hold_last_value,2024-08-31,94514.0,93439.0,-1075.0,-1.075,-1.1373976342129208
public_registry,solar,hold_last_value,2024-09-30,95813.0,94514.0,-1299.0,-1.299,-1.3557659190297766
public_registry,solar,hold_last_value,2024-10-31,97530.0,95813.0,-1717.0,-1.717,-1.7604839536552854
public_registry,solar,hold_last_value,2024-11-30,98768.0,97530.0,-1238.0,-1.238,-1.253442410497327
public_registry,solar,hold_last_value,2024-12-31,100788.0,98768.0,-2020.0,-2.02,-2.004206850021828
public_registry,solar,hold_last_value,2025-01-31,102375.0,100788.0,-1587.0,-1.587,-1.5501831501831502
public_registry,solar,hold_last_value,2025-02-28,104221.0,102375.0,-1846.0,-1.846,-1.771236123238119
public_registry,solar,hold_last_value,2025-03-31,105113.0,104221.0,-892.0,-0.892,-0.8486105429395032
public_registry,solar,hold_last_value,2025-04-30,106196.0,105113.0,-1083.0,-1.083,-1.0198124223134581
public_registry,solar,hold_last_value,2025-05-31,107476.0,106196.0,-1280.0,-1.28,-1.190963563958465
public_registry,solar,hold_last_value,2025-06-30,108599.0,107476.0,-1123.0,-1.123,-1.0340795034945072
public_registry,solar,hold_last_value,2025-07-31,110197.0,108599.0,-1598.0,-1.598,-1.4501302213308893
public_registry,solar,hold_last_value,2025-08-31,112238.0,110197.0,-2041.0,-2.041,-1.8184572070065397
public_registry,solar,hold_last_value,2025-09-30,113275.0,112238.0,-1037.0,-1.037,-0.9154711984109468
public_registry,solar,hold_last_value,2025-10-31,114619.0,113275.0,-1344.0,-1.344,-1.1725804622270304
public_registry,solar,hold_last_value,2025-11-30,116569.0,114619.0,-1950.0,-1.95,-1.672828968250564
public_registry,solar,hold_last_value,2025-12-31,118051.0,116569.0,-1482.0,-1.482,-1.2553896197406207
public_registry,solar,hold_last_value,2026-01-31,119363.0,118051.0,-1312.0,-1.312,-1.0991680839121
public_registry,solar,hold_last_value,2026-02-28,120280.0,119363.0,-917.0,-0.917,-0.7623877618889259
public_registry,solar,hold_last_value,2026-03-31,121860.0,120280.0,-1580.0,-1.58,-1.2965698342360086
public_registry,solar,hold_last_value,2026-04-30,123184.0,121860.0,-1324.0,-1.324,-1.0748149110274061
public_registry,solar,hold_last_value,2026-05-31,124545.0,123184.0,-1361.0,-1.361,-1.0927777108675578
public_registry,solar,hold_last_value,2026-06-30,125933.0,124545.0,-1388.0,-1.388,-1.1021733779073
public_registry,solar,hold_last_value,2026-07-31,127746.0,125933.0,-1813.0,-1.813,-1.4192225196875048
public_registry,solar,hold_last_value,2026-08-31,128841.0,127746.0,-1095.0,-1.095,-0.8498847416583231
public_registry,wind_onshore,last_increment,2015-03-31,38216.0,38205.857142857145,-10.142857142855064,-0.010142857142855064,-0.026540865456497444
public_registry,wind_onshore,last_increment,2015-04-30,38347.0,38414.3870967742,67.38709677419683,0.06738709677419684,0.1757297748825119
public_registry,wind_onshore,last_increment,2015-05-31,38502.0,38482.36666666667,-19.633333333331393,-0.019633333333331393,-0.05099302200750973
public_registry,wind_onshore,last_increment,2015-06-30,38697.0,38652.0,-45.0,-0.045,-0.11628808434762386
public_registry,wind_onshore,last_increment,2015-07-31,38879.0,38898.5,19.5,0.0195,0.050155610998225256
public_registry,wind_onshore,last_increment,2015-08-31,39162.0,39061.0,-101.0,-0.101,-0.25790306930187423
public_registry,wind_onshore,last_increment,2015-09-30,39490.0,39435.87096774193,-54.12903225806804,-0.05412903225806804,-0.13707022602701452
public_registry,wind_onshore,last_increment,2015-10-31,39762.0,39828.933333333334,66.9333333333343,0.0669333333333343,0.16833492614389192
public_registry,wind_onshore,last_increment,2015-11-30,40270.0,40025.22580645161,-244.7741935483864,-0.2447741935483864,-0.6078326137282999
public_registry,wind_onshore,last_increment,2015-12-31,41297.0,40794.933333333334,-502.0666666666657,-0.5020666666666657,-1.2157460993938196
public_registry,wind_onshore,last_increment,2016-01-31,41410.0,42324.0,914.0,0.914,2.207196329389036
public_registry,wind_onshore,last_increment,2016-02-29,41596.0,41515.709677419356,-80.29032258064399,-0.08029032258064399,-0.19302414314031152
public_registry,wind_onshore,last_increment,2016-03-31,42102.0,41794.8275862069,-307.17241379310144,-0.30717241379310145,-0.7295910260631359
public_registry,wind_onshore,last_increment,2016-04-30,42255.0,42591.67741935484,336.6774193548408,0.3366774193548408,0.7967753386696033
public_registry,wind_onshore,last_increment,2016-05-31,42518.0,42413.1,-104.90000000000146,-0.10490000000000145,-0.2467190366433074
public_registry,wind_onshore,last_increment,2016-06-30,43132.0,42772.51612903226,-359.4838709677424,-0.3594838709677424,-0.8334505030319539
public_registry,wind_onshore,last_increment,2016-07-31,43199.0,43766.46666666667,567.4666666666672,0.5674666666666671,1.3136106545676223
public_registry,wind_onshore,last_increment,2016-08-31,43446.0,43266.0,-180.0,-0.18,-0.41430741610274824
public_registry,wind_onshore,last_increment,2016-09-30,44093.0,43685.032258064515,-407.9677419354848,-0.4079677419354848,-0.9252437845814183
public_registry,wind_onshore,last_increment,2016-10-31,44200.0,44761.566666666666,561.5666666666657,0.5615666666666657,1.2705128205128182
public_registry,wind_onshore,last_increment,2016-11-30,44493.0,44303.54838709677,-189.45161290322721,-0.1894516129032272,-0.4258009415036685
public_registry,wind_onshore,last_increment,2016-12-31,45283.0,44795.76666666667,-487.23333333332994,-0.48723333333332997,-1.0759740594336284
public_registry,wind_onshore,last_increment,2017-01-31,45534.0,46073.0,539.0,0.539,1.183730838494312
public_registry,wind_onshore,last_increment,2017-02-28,45925.0,45760.709677419356,-164.290322580644,-0.164290322580644,-0.3577361406219793
public_registry,wind_onshore,last_increment,2017-03-31,46267.0,46357.892857142855,90.89285714285506,0.09089285714285507,0.19645288681534367
public_registry,wind_onshore,last_increment,2017-04-30,46578.0,46597.967741935485,19.96774193548481,0.01996774193548481,0.042869470426993024
public_registry,wind_onshore,last_increment,2017-05-31,47099.0,46899.36666666667,-199.6333333333314,-0.1996333333333314,-0.4238589637430336
public_registry,wind_onshore,last_increment,2017-06-30,47493.0,47603.1935483871,110.19354838709842,0.11019354838709841,0.23202061016802142
public_registry,wind_onshore,last_increment,2017-07-31,47896.0,47900.13333333333,4.133333333331393,0.004133333333331393,0.008629809030673528
public_registry,wind_onshore,last_increment,2017-08-31,48186.0,48299.0,113.0,0.113,0.23450794836674554
public_registry,wind_onshore,last_increment,2017-09-30,48983.0,48466.645161290326,-516.3548387096744,-0.5163548387096744,-1.0541511110174435
public_registry,wind_onshore,last_increment,2017-10-31,49083.0,49806.566666666666,723.5666666666657,0.7235666666666657,1.4741696038682754
public_registry,wind_onshore,last_increment,2017-11-30,49390.0,49179.77419354839,-210.2258064516136,-0.2102258064516136,-0.42564447550438067
public_registry,wind_onshore,last_increment,2017-12-31,50174.0,49707.23333333333,-466.76666666667006,-0.46676666666667005,-0.9302959035888508
public_registry,wind_onshore,last_increment,2018-01-31,50278.0,50958.0,680.0,0.68,1.3524802100322209
public_registry,wind_onshore,last_increment,2018-02-28,50467.0,50371.93548387097,-95.06451612903038,-0.09506451612903039,-0.1883696596370507
public_registry,wind_onshore,last_increment,2018-03-31,51088.0,50676.25,-411.75,-0.41175,-0.8059622611963672
public_registry,wind_onshore,last_increment,2018-04-30,51142.0,51688.967741935485,546.9677419354848,0.5469677419354848,1.069507922911667
public_registry,wind_onshore,last_increment,2018-05-31,51229.0,51197.8,-31.19999999999709,-0.03119999999999709,-0.06090300415779557
public_registry,wind_onshore,last_increment,2018-06-30,51677.0,51313.1935483871,-363.8064516129016,-0.3638064516129016,-0.7040007191069558
public_registry,wind_onshore,last_increment,2018-07-31,51696.0,52139.933333333334,443.9333333333343,0.4439333333333343,0.8587382647271244
public_registry,wind_onshore,last_increment,2018-08-31,51746.0,51715.0,-31.0,-0.031,-0.059908012213504426
public_registry,wind_onshore,last_increment,2018-09-30,51990.0,51794.3870967742,-195.61290322580317,-0.19561290322580316,-0.3762510160142396
public_registry,wind_onshore,last_increment,2018-10-31,52033.0,52242.13333333333,209.1333333333314,0.2091333333333314,0.4019244197592516
public_registry,wind_onshore,last_increment,2018-11-30,52124.0,52074.6129032258,-49.387096774196834,-0.04938709677419684,-0.09474924559549697
public_registry,wind_onshore,last_increment,2018-12-31,52328.0,52218.03333333333,-109.96666666666715,-0.10996666666666716,-0.2101488049737562
public_registry,wind_onshore,last_increment,2019-01-31,52378.0,52532.0,154.0,0.154,0.2940165718431403
public_registry,wind_onshore,last_increment,2019-02-28,52413.0,52423.16129032258,10.161290322583227,0.010161290322583227,0.019386965681382914
public_registry,wind_onshore,last_increment,2019-03-31,52456.0,52451.75,-4.25,-0.00425,-0.00810202836663108
public_registry,wind_onshore,last_increment,2019-04-30,52478.0,52497.6129032258,19.612903225803166,0.019612903225803165,0.037373572212742796
public_registry,wind_onshore,last_increment,2019-05-31,52500.0,52500.73333333333,0.7333333333299379,0.0007333333333299378,0.0013968253968189295
public_registry,wind_onshore,last_increment,2019-06-30,52551.0,52521.290322580644,-29.709677419356012,-0.029709677419356012,-0.056534942093120995
public_registry,wind_onshore,last_increment,2019-07-31,52611.0,52603.7,-7.30000000000291,-0.00730000000000291,-0.013875425291294426
public_registry,wind_onshore,last_increment,2019-08-31,52642.0,52671.0,29.0,0.029,0.05508909235971278
public_registry,wind_onshore,last_increment,2019-09-30,52757.0,52672.0,-85.0,-0.085,-0.16111606042800009
public_registry,wind_onshore,last_increment,2019-10-31,52834.0,52875.833333333336,41.83333333333576,0.04183333333333576,0.07917881162383268
public_registry,wind_onshore,last_increment,2019-11-30,52938.0,52908.51612903226,-29.483870967742405,-0.029483870967742406,-0.05569509797828102
public_registry,wind_onshore,last_increment,2019-12-31,53193.0,53045.46666666667,-147.53333333333285,-0.14753333333333285,-0.27735478979063566
public_registry,wind_onshore,last_increment,2020-01-31,53294.0,53448.0,154.0,0.154,0.2889631102938417
public_registry,wind_onshore,last_increment,2020-02-29,53424.0,53388.48387096774,-35.516129032257595,-0.03551612903225759,-0.06647972640060197
public_registry,wind_onshore,last_increment,2020-03-31,53508.0,53562.96551724138,54.9655172413768,0.0549655172413768,0.10272392397655827
public_registry,wind_onshore,last_increment,2020-04-30,53580.0,53589.290322580644,9.290322580643988,0.009290322580643988,0.017339161218073888
public_registry,wind_onshore,last_increment,2020-05-31,53656.0,53654.4,-1.5999999999985448,-0.0015999999999985449,-0.0029819591471569717
public_registry,wind_onshore,last_increment,2020-06-30,53724.0,53729.54838709677,5.548387096772785,0.005548387096772785,0.010327576309978381
public_registry,wind_onshore,last_increment,2020-07-31,53785.0,53794.26666666667,9.266666666670062,0.009266666666670063,0.017229091134461395
public_registry,wind_onshore,last_increment,2020-08-31,53868.0,53846.0,-22.0,-0.022,-0.0408405732531373
public_registry,wind_onshore,last_increment,2020-09-30,53937.0,53948.32258064516,11.322580645159178,0.011322580645159178,0.020992232873832763
public_registry,wind_onshore,last_increment,2020-10-31,54065.0,54008.3,-56.69999999999709,-0.05669999999999709,-0.10487376306297436
public_registry,wind_onshore,last_increment,2020-11-30,54242.0,54188.87096774193,-53.12903225806804,-0.05312903225806804,-0.0979481439808046
public_registry,wind_onshore,last_increment,2020-12-31,54414.0,54424.9,10.900000000001455,0.010900000000001455,0.02003160951226055
public_registry,wind_onshore,last_increment,2021-01-31,54494.0,54586.0,92.0,0.092,0.16882592578999522
public_registry,wind_onshore,last_increment,2021-02-28,54660.0,54566.25806451613,-93.7419354838712,-0.0937419354838712,-0.17150006491743727
public_registry,wind_onshore,last_increment,2021-03-31,54865.0,54843.78571428572,-21.214285714282596,-0.021214285714282598,-0.038666336852788835
public_registry,wind_onshore,last_increment,2021-04-30,54996.0,55063.3870967742,67.38709677419683,0.06738709677419684,0.12253090547348323
public_registry,wind_onshore,last_increment,2021-05-31,55056.0,55131.36666666667,75.3666666666686,0.07536666666666861,0.1368909231812493
public_registry,wind_onshore,last_increment,2021-06-30,55242.0,55114.06451612903,-127.93548387096962,-0.12793548387096962,-0.2315909704047095
public_registry,wind_onshore,last_increment,2021-07-31,55358.0,55434.2,76.19999999999709,0.07619999999999709,0.13764948155640935
public_registry,wind_onshore,last_increment,2021-08-31,55446.0,55474.0,28.0,0.028,0.05049958518197886
public_registry,wind_onshore,last_increment,2021-09-30,55559.0,55531.16129032258,-27.838709677416773,-0.02783870967741677,-0.05010657081195985
public_registry,wind_onshore,last_increment,2021-10-31,55707.0,55675.76666666667,-31.233333333329938,-0.03123333333332994,-0.0560671609193278
public_registry,wind_onshore,last_increment,2021-11-30,55805.0,55850.22580645161,45.22580645161361,0.04522580645161361,0.08104257047148751
public_registry,wind_onshore,last_increment,2021-12-31,56046.0,55906.26666666667,-139.73333333332994,-0.13973333333332993,-0.24931901176414006
public_registry,wind_onshore,last_increment,2022-01-31,56124.0,56287.0,163.0,0.163,0.290428337253225
public_registry,wind_onshore,last_increment,2022-02-28,56256.0,56194.45161290323,-61.548387096772785,-0.06154838709677279,-0.10940768468567404
public_registry,wind_onshore,last_increment,2022-03-31,56360.0,56402.142857142855,42.142857142855064,0.04214285714285507,0.07477440940889826
public_registry,wind_onshore,last_increment,2022-04-30,56450.0,56460.645161290326,10.645161290325632,0.010645161290325632,0.018857681648052495
public_registry,wind_onshore,last_increment,2022-05-31,56635.0,56543.0,-92.0,-0.092,-0.16244371854860068
public_registry,wind_onshore,last_increment,2022-06-30,56845.0,56814.032258064515,-30.96774193548481,-0.03096774193548481,-0.05447751242059074
public_registry,wind_onshore,last_increment,2022-07-31,57011.0,57062.0,51.0,0.051,0.08945642069074389
public_registry,wind_onshore,last_increment,2022-08-31,57145.0,57177.0,32.0,0.032,0.055997900078747054
public_registry,wind_onshore,last_increment,2022-09-30,57370.0,57274.67741935484,-95.32258064515918,-0.09532258064515918,-0.16615405376531145
public_registry,wind_onshore,last_increment,2022-10-31,57510.0,57602.5,92.5,0.0925,0.1608415927664754
public_registry,wind_onshore,last_increment,2022-11-30,57742.0,57645.48387096774,-96.5161290322576,-0.09651612903225759,-0.16715065122832184
public_registry,wind_onshore,last_increment,2022-12-31,58014.0,57981.73333333333,-32.26666666667006,-0.03226666666667006,-0.05561875869043689
public_registry,wind_onshore,last_increment,2023-01-31,58064.0,58286.0,222.0,0.222,0.3823367318820612
public_registry,wind_onshore,last_increment,2023-02-28,58207.0,58109.16129032258,-97.83870967741677,-0.09783870967741677,-0.16808753187317124
public_registry,wind_onshore,last_increment,2023-03-31,58476.0,58365.32142857143,-110.67857142857247,-0.11067857142857247,-0.18927178915892412
public_registry,wind_onshore,last_increment,2023-04-30,58727.0,58736.32258064516,9.322580645159178,0.009322580645159178,0.015874437047966313
public_registry,wind_onshore,last_increment,2023-05-31,58996.0,58986.36666666667,-9.633333333331393,-0.009633333333331393,-0.016328790652470327
public_registry,wind_onshore,last_increment,2023-06-30,59309.0,59256.32258064516,-52.67741935484082,-0.05267741935484082,-0.08881859305474855
public_registry,wind_onshore,last_increment,2023-07-31,59507.0,59632.433333333334,125.4333333333343,0.1254333333333343,0.21078752639745627
public_registry,wind_onshore,last_increment,2023-08-31,59665.0,59705.0,40.0,0.04,0.06704097879829046
public_registry,wind_onshore,last_increment,2023-09-30,60024.0,59817.903225806454,-206.09677419354557,-0.20609677419354558,-0.3433572807436119
public_registry,wind_onshore,last_increment,2023-10-31,60435.0,60394.96666666667,-40.03333333333285,-0.04003333333333285,-0.06624196795455092
public_registry,wind_onshore,last_increment,2023-11-30,60642.0,60832.74193548387,190.7419354838712,0.1907419354838712,0.3145376727084714
public_registry,wind_onshore,last_increment,2023-12-31,61013.0,60855.9,-157.09999999999854,-0.15709999999999855,-0.2574861095176414
public_registry,wind_onshore,last_increment,2024-01-31,61134.0,61384.0,250.0,0.25,0.4089377433179573
public_registry,wind_onshore,last_increment,2024-02-29,61352.0,61247.1935483871,-104.80645161290158,-0.10480645161290159,-0.17082809299273305
public_registry,wind_onshore,last_increment,2024-03-31,61548.0,61585.03448275862,37.0344827586232,0.0370344827586232,0.06017170786804315
public_registry,wind_onshore,last_increment,2024-04-30,61688.0,61737.67741935484,49.67741935484082,0.049677419354840824,0.08053011826423424
public_registry,wind_onshore,last_increment,2024-05-31,61740.0,61832.666666666664,92.66666666666424,0.09266666666666425,0.15009178274484003
public_registry,wind_onshore,last_increment,2024-06-30,61914.0,61790.32258064516,-123.67741935484082,-0.12367741935484082,-0.19975679063675553
public_registry,wind_onshore,last_increment,2024-07-31,62126.0,62093.8,-32.19999999999709,-0.03219999999999709,-0.05183015162733331
public_registry,wind_onshore,last_increment,2024-08-31,62305.0,62338.0,33.0,0.033,0.052965251584945035
public_registry,wind_onshore,last_increment,2024-09-30,62515.0,62478.22580645161,-36.77419354838639,-0.036774193548386395,-0.05882459177539213
public_registry,wind_onshore,last_increment,2024-10-31,62721.0,62732.0,11.0,0.011,0.017537985682626236
public_registry,wind_onshore,last_increment,2024-11-30,63185.0,62920.354838709674,-264.64516129032563,-0.2646451612903256,-0.4188417524575858
public_registry,wind_onshore,last_increment,2024-12-31,63589.0,63664.46666666667,75.46666666666715,0.07546666666666715,0.11867880713121318
public_registry,wind_onshore,last_increment,2025-01-31,63782.0,63993.0,211.0,0.211,0.3308143363331348
public_registry,wind_onshore,last_increment,2025-02-28,64090.0,63956.32258064516,-133.67741935484082,-0.13367741935484082,-0.20857765541401285
public_registry,wind_onshore,last_increment,2025-03-31,64448.0,64431.0,-17.0,-0.017,-0.02637785501489573
public_registry,wind_onshore,last_increment,2025-04-30,64709.0,64794.45161290323,85.45161290322721,0.08545161290322721,0.1320552209170706
public_registry,wind_onshore,last_increment,2025-05-31,65078.0,64978.7,-99.30000000000291,-0.09930000000000291,-0.15258612741633565
public_registry,wind_onshore,last_increment,2025-06-30,65444.0,65435.096774193546,-8.90322580645443,-0.00890322580645443,-0.01360434234835039
public_registry,wind_onshore,last_increment,2025-07-31,65783.0,65822.2,39.19999999999709,0.03919999999999709,0.05958986364257801
public_registry,wind_onshore,last_increment,2025-08-31,66118.0,66122.0,4.0,0.004,0.006049789769805499
public_registry,wind_onshore,last_increment,2025-09-30,66452.0,66442.19354838709,-9.806451612908859,-0.009806451612908858,-0.014757195589160384
public_registry,wind_onshore,last_increment,2025-10-31,67055.0,66797.13333333333,-257.8666666666686,-0.25786666666666863,-0.3845599383590614
public_registry,wind_onshore,last_increment,2025-11-30,67411.0,67638.54838709677,227.54838709677279,0.22754838709677278,0.3375537925513236
public_registry,wind_onshore,last_increment,2025-12-31,68180.0,67778.86666666667,-401.1333333333314,-0.4011333333333314,-0.5883445780776347
public_registry,wind_onshore,last_increment,2026-01-31,68369.0,68949.0,580.0,0.58,0.8483376969094181
public_registry,wind_onshore,last_increment,2026-02-28,68613.0,68539.70967741935,-73.29032258065126,-0.07329032258065127,-0.10681696264651197
public_registry,wind_onshore,last_increment,2026-03-31,69065.0,68883.14285714286,-181.85714285714494,-0.18185714285714494,-0.26331302809982615
public_registry,wind_onshore,last_increment,2026-04-30,69348.0,69502.41935483871,154.41935483871202,0.15441935483871203,0.22267311939596243
public_registry,wind_onshore,last_increment,2026-05-31,69681.0,69640.43333333333,-40.5666666666657,-0.040566666666665696,-0.058217687270081794
public_registry,wind_onshore,last_increment,2026-06-30,70112.0,70003.25806451614,-108.74193548386393,-0.10874193548386393,-0.15509746617392733
public_registry,wind_onshore,last_increment,2026-07-31,70476.0,70557.36666666667,81.3666666666686,0.08136666666666861,0.11545301473788042
public_registry,wind_onshore,last_increment,2026-08-31,70779.0,70840.0,61.0,0.061,0.08618375506859378
public_registry,wind_onshore,mean_last_three_increments,2015-05-31,38502.0,38525.40793650794,23.407936507937848,0.02340793650793785,0.060796676816627315
public_registry,wind_onshore,mean_last_three_increments,2015-06-30,38697.0,38661.79569892473,-35.20430107526772,-0.03520430107526772,-0.09097423850755283
public_registry,wind_onshore,mean_last_three_increments,2015-07-31,38879.0,38860.955555555556,-18.044444444443798,-0.018044444444443797,-0.04641180185818513
public_registry,wind_onshore,mean_last_three_increments,2015-08-31,39162.0,39058.5,-103.5,-0.1035,-0.26428680864102955
public_registry,wind_onshore,mean_last_three_increments,2015-09-30,39490.0,39377.0,-113.0,-0.113,-0.2861483919979742
public_registry,wind_onshore,mean_last_three_increments,2015-10-31,39762.0,39757.97777777778,-4.022222222221899,-0.004022222222221899,-0.010115744233745533
public_registry,wind_onshore,mean_last_three_increments,2015-11-30,40270.0,40050.36559139785,-219.63440860214905,-0.21963440860214906,-0.545404540854604
public_registry,wind_onshore,mean_last_three_increments,2015-12-31,41297.0,40648.62222222222,-648.3777777777796,-0.6483777777777796,-1.5700360262919328
public_registry,wind_onshore,mean_last_three_increments,2016-01-31,41410.0,41904.97777777778,494.9777777777781,0.4949777777777781,1.1953097748799277
public_registry,wind_onshore,mean_last_three_increments,2016-02-29,41596.0,41929.17275985663,333.17275985662855,0.33317275985662853,0.8009730739893944
public_registry,wind_onshore,mean_last_three_increments,2016-03-31,42102.0,42042.275862068964,-59.72413793103624,-0.05972413793103624,-0.14185582141237052
public_registry,wind_onshore,mean_last_three_increments,2016-04-30,42255.0,42365.81535038932,110.81535038931906,0.11081535038931907,0.2622538170377921
public_registry,wind_onshore,mean_last_three_increments,2016-05-31,42518.0,42542.64252873563,24.642528735632368,0.024642528735632368,0.057957873690277925
public_registry,wind_onshore,mean_last_three_increments,2016-06-30,43132.0,42817.06451612903,-314.9354838709696,-0.31493548387096965,-0.730166660184943
public_registry,wind_onshore,mean_last_three_increments,2016-07-31,43199.0,43483.85555555556,284.85555555555766,0.28485555555555764,0.6594031240435141
public_registry,wind_onshore,mean_last_three_increments,2016-08-31,43446.0,43520.48888888889,74.48888888888905,0.07448888888888905,0.17145166157733518
public_registry,wind_onshore,mean_last_three_increments,2016-09-30,44093.0,43751.95698924731,-341.04301075269177,-0.3410430107526918,-0.7734629323309636
public_registry,wind_onshore,mean_last_three_increments,2016-10-31,44200.0,44420.52222222222,220.5222222222219,0.2205222222222219,0.498919054801407
public_registry,wind_onshore,mean_last_three_increments,2016-11-30,44493.0,44529.86021505376,36.86021505376266,0.036860215053762656,0.08284497573497551
public_registry,wind_onshore,mean_last_three_increments,2016-12-31,45283.0,44852.444444444445,-430.55555555555475,-0.43055555555555475,-0.950810581356259
public_registry,wind_onshore,mean_last_three_increments,2017-01-31,45534.0,45682.92222222222,148.92222222222335,0.14892222222222334,0.3270571929156748
public_registry,wind_onshore,mean_last_three_increments,2017-02-28,45925.0,45938.574910394265,13.574910394265316,0.013574910394265316,0.029558868577605483
public_registry,wind_onshore,mean_last_three_increments,2017-03-31,46267.0,46416.29761904762,149.29761904761835,0.14929761904761835,0.322687053510317
public_registry,wind_onshore,mean_last_three_increments,2017-04-30,46578.0,46597.9331797235,19.93317972349905,0.01993317972349905,0.042795267558716675
public_registry,wind_onshore,mean_last_three_increments,2017-05-31,47099.0,46943.41984126984,-155.5801587301612,-0.1555801587301612,-0.33032582163137475
public_registry,wind_onshore,mean_last_three_increments,2017-06-30,47493.0,47481.05376344086,-11.946236559138924,-0.011946236559138925,-0.02515367856134362
public_registry,wind_onshore,mean_last_three_increments,2017-07-31,47896.0,47909.5,13.5,0.0135,0.02818606981793887
public_registry,wind_onshore,mean_last_three_increments,2017-08-31,48186.0,48339.71111111111,153.71111111110804,0.15371111111110805,0.3189953744056532
public_registry,wind_onshore,mean_last_three_increments,2017-09-30,48983.0,48540.88172043011,-442.11827956989146,-0.44211827956989147,-0.9025953485288599
public_registry,wind_onshore,mean_last_three_increments,2017-10-31,49083.0,49488.52222222222,405.5222222222219,0.4055222222222219,0.8261968955080616
public_registry,wind_onshore,mean_last_three_increments,2017-11-30,49390.0,49474.47311827957,84.4731182795731,0.0844731182795731,0.17103283717265255
public_registry,wind_onshore,mean_last_three_increments,2017-12-31,50174.0,49803.6,-370.40000000000146,-0.37040000000000145,-0.7382309562721757
public_registry,wind_onshore,mean_last_three_increments,2018-01-31,50278.0,50574.41111111111,296.4111111111124,0.2964111111111124,0.5895443556050607
public_registry,wind_onshore,mean_last_three_increments,2018-02-28,50467.0,50640.865949820785,173.86594982078532,0.17386594982078532,0.3445141375964201
public_registry,wind_onshore,mean_last_three_increments,2018-03-31,51088.0,50832.75,-255.25,-0.25525,-0.49962809270278735
public_registry,wind_onshore,mean_last_three_increments,2018-04-30,51142.0,51389.37096774193,247.37096774193196,0.24737096774193196,0.48369435638405217
public_registry,wind_onshore,mean_last_three_increments,2018-05-31,51229.0,51437.35,208.34999999999854,0.20834999999999854,0.4067032344960833
public_registry,wind_onshore,mean_last_three_increments,2018-06-30,51677.0,51475.3870967742,-201.61290322580317,-0.20161290322580316,-0.39014049427366754
public_registry,wind_onshore,mean_last_three_increments,2018-07-31,51696.0,51878.91111111111,182.9111111111124,0.1829111111111124,0.3538206265690042
public_registry,wind_onshore,mean_last_three_increments,2018-08-31,51746.0,51885.64444444444,139.64444444444234,0.13964444444444235,0.26986519623631267
public_registry,wind_onshore,mean_last_three_increments,2018-09-30,51990.0,51917.591397849465,-72.40860215053544,-0.07240860215053545,-0.13927409530781967
public_registry,wind_onshore,mean_last_three_increments,2018-10-31,52033.0,52097.044444444444,64.0444444444438,0.0640444444444438,0.12308428198344089
public_registry,wind_onshore,mean_last_three_increments,2018-11-30,52124.0,52144.333333333336,20.33333333333576,0.02033333333333576,0.039009541350118485
public_registry,wind_onshore,mean_last_three_increments,2018-12-31,52328.0,52253.72222222222,-74.27777777778101,-0.07427777777778101,-0.1419465253359215
public_registry,wind_onshore,mean_last_three_increments,2019-01-31,52378.0,52441.677777777775,63.67777777777519,0.0636777777777752,0.12157351899227767
public_registry,wind_onshore,mean_last_three_increments,2019-02-28,52413.0,52482.78422939068,69.78422939067968,0.06978422939067969,0.1331429786325524
public_registry,wind_onshore,mean_last_three_increments,2019-03-31,52456.0,52510.583333333336,54.58333333333576,0.05458333333333576,0.10405546235575674
public_registry,wind_onshore,mean_last_three_increments,2019-04-30,52478.0,52498.5,20.5,0.0205,0.03906398871908228
public_registry,wind_onshore,mean_last_three_increments,2019-05-31,52500.0,52512.82777777778,12.827777777776646,0.012827777777776645,0.024433862433860278
public_registry,wind_onshore,mean_last_three_increments,2019-06-30,52551.0,52528.30107526882,-22.69892473117943,-0.022698924731179432,-0.04319408713664713
public_registry,wind_onshore,mean_last_three_increments,2019-07-31,52611.0,52583.47777777778,-27.5222222222219,-0.0275222222222219,-0.05231267647872479
public_registry,wind_onshore,mean_last_three_increments,2019-08-31,52642.0,52655.9,13.900000000001455,0.013900000000001455,0.026404771855175438
public_registry,wind_onshore,mean_last_three_increments,2019-09-30,52757.0,52688.354838709674,-68.64516129032563,-0.06864516129032563,-0.13011574064166959
public_registry,wind_onshore,mean_last_three_increments,2019-10-31,52834.0,52826.944444444445,-7.055555555554747,-0.007055555555554747,-0.013354195320351947
public_registry,wind_onshore,mean_last_three_increments,2019-11-30,52938.0,52907.17204301075,-30.82795698924747,-0.03082795698924747,-0.05823407946890224
public_registry,wind_onshore,mean_last_three_increments,2019-12-31,53193.0,53039.1,-153.90000000000146,-0.15390000000000145,-0.2893237832045597
public_registry,wind_onshore,mean_last_three_increments,2020-01-31,53294.0,53339.48888888889,45.48888888888905,0.04548888888888905,0.08535461569574258
public_registry,wind_onshore,mean_last_three_increments,2020-02-29,53424.0,53438.52186379928,14.521863799280254,0.014521863799280254,0.02718228473959317
public_registry,wind_onshore,mean_last_three_increments,2020-03-31,53508.0,53588.988505747126,80.9885057471256,0.0809885057471256,0.15135775163924198
public_registry,wind_onshore,mean_last_three_increments,2020-04-30,53580.0,53612.50500556173,32.505005561732105,0.0325050055617321,0.06066630377329621
public_registry,wind_onshore,mean_last_three_increments,2020-05-31,53656.0,53679.12183908046,23.121839080456994,0.023121839080456993,0.04309273721570187
public_registry,wind_onshore,mean_last_three_increments,2020-06-30,53724.0,53731.6129032258,7.612903225803166,0.007612903225803166,0.014170395402060842
public_registry,wind_onshore,mean_last_three_increments,2020-07-31,53785.0,53797.555555555555,12.555555555554747,0.012555555555554748,0.02334397240039927
public_registry,wind_onshore,mean_last_three_increments,2020-08-31,53868.0,53854.08888888889,-13.911111111112405,-0.013911111111112404,-0.025824443289359924
public_registry,wind_onshore,mean_last_three_increments,2020-09-30,53937.0,53937.11827956989,0.11827956989145605,0.00011827956989145604,0.00021929208130125157
public_registry,wind_onshore,mean_last_three_increments,2020-10-31,54065.0,54008.76666666667,-56.23333333332994,-0.056233333333329936,-0.10401060451924522
public_registry,wind_onshore,mean_last_three_increments,2020-11-30,54242.0,54156.06451612903,-85.93548387096962,-0.08593548387096962,-0.15842978479954578
public_registry,wind_onshore,mean_last_three_increments,2020-12-31,54414.0,54369.4,-44.599999999998545,-0.044599999999998544,-0.08196420038960295
public_registry,wind_onshore,mean_last_three_increments,2021-01-31,54494.0,54574.96666666667,80.96666666666715,0.08096666666666716,0.1485790484579351
public_registry,wind_onshore,mean_last_three_increments,2021-02-28,54660.0,54624.937634408605,-35.062365591395064,-0.03506236559139506,-0.06414629636186438
public_registry,wind_onshore,mean_last_three_increments,2021-03-31,54865.0,54805.26190476191,-59.73809523809177,-0.05973809523809177,-0.10888197436998409
public_registry,wind_onshore,mean_last_three_increments,2021-04-30,54996.0,55016.22119815668,20.221198156679748,0.02022119815667975,0.036768488902246974
public_registry,wind_onshore,mean_last_three_increments,2021-05-31,55056.0,55170.71746031746,114.71746031745715,0.11471746031745715,0.20836504707471876
public_registry,wind_onshore,mean_last_three_increments,2021-06-30,55242.0,55185.15053763441,-56.849462365593354,-0.05684946236559335,-0.10290985548241077
public_registry,wind_onshore,mean_last_three_increments,2021-07-31,55358.0,55371.188888888886,13.18888888888614,0.01318888888888614,0.023824720706828534
public_registry,wind_onshore,mean_last_three_increments,2021-08-31,55446.0,55480.73333333333,34.73333333332994,0.03473333333332994,0.0626435330471629
public_registry,wind_onshore,mean_last_three_increments,2021-09-30,55559.0,55573.8064516129,14.806451612901583,0.014806451612901584,0.026649960605665296
public_registry,wind_onshore,mean_last_three_increments,2021-10-31,55707.0,55665.92222222222,-41.077777777776646,-0.041077777777776645,-0.0737389875200184
public_registry,wind_onshore,mean_last_three_increments,2021-11-30,55805.0,55820.79569892473,15.795698924732278,0.015795698924732277,0.028305167860823002
public_registry,wind_onshore,mean_last_three_increments,2021-12-31,56046.0,55927.01111111111,-118.98888888888905,-0.11898888888888905,-0.21230576470914791
public_registry,wind_onshore,mean_last_three_increments,2022-01-31,56124.0,56209.42222222222,85.42222222222335,0.08542222222222336,0.15220266235874735
public_registry,wind_onshore,mean_last_three_increments,2022-02-28,56256.0,56250.53189964157,-5.4681003584264545,-0.005468100358426454,-0.009720030500615854
public_registry,wind_onshore,mean_last_three_increments,2022-03-31,56360.0,56411.04761904762,51.047619047618355,0.051047619047618356,0.09057419987157267
public_registry,wind_onshore,mean_last_three_increments,2022-04-30,56450.0,56465.85253456221,15.852534562211076,0.015852534562211078,0.028082435008345577
public_registry,wind_onshore,mean_last_three_increments,2022-05-31,56635.0,56564.380952380954,-70.61904761904589,-0.07061904761904589,-0.12469152929998392
public_registry,wind_onshore,mean_last_three_increments,2022-06-30,56845.0,56758.22580645161,-86.77419354838639,-0.08677419354838639,-0.15265052959519113
public_registry,wind_onshore,mean_last_three_increments,2022-07-31,57011.0,57010.0,-1.0,-0.001,-0.00175404746452439
public_registry,wind_onshore,mean_last_three_increments,2022-08-31,57145.0,57200.333333333336,55.33333333333576,0.05533333333333576,0.09682970221950435
public_registry,wind_onshore,mean_last_three_increments,2022-09-30,57370.0,57311.77419354839,-58.22580645161361,-0.058225806451613606,-0.10149173165698729
public_registry,wind_onshore,mean_last_three_increments,2022-10-31,57510.0,57547.5,37.5,0.0375,0.06520605112154408
public_registry,wind_onshore,mean_last_three_increments,2022-11-30,57742.0,57673.3870967742,-68.61290322580317,-0.06861290322580317,-0.11882668287520898
public_registry,wind_onshore,mean_last_three_increments,2022-12-31,58014.0,57946.07777777778,-67.92222222222335,-0.06792222222222336,-0.11707901924056839
public_registry,wind_onshore,mean_last_three_increments,2023-01-31,58064.0,58231.24444444444,167.2444444444409,0.1672444444444409,0.2880346590735066
public_registry,wind_onshore,mean_last_three_increments,2023-02-28,58207.0,58233.124014336914,26.124014336914115,0.026124014336914116,0.04488122448659803
public_registry,wind_onshore,mean_last_three_increments,2023-03-31,58476.0,58367.107142857145,-108.89285714285506,-0.10889285714285507,-0.18621803328349248
public_registry,wind_onshore,mean_last_three_increments,2023-04-30,58727.0,58629.97465437788,-97.02534562211804,-0.09702534562211804,-0.16521420406647375
public_registry,wind_onshore,mean_last_three_increments,2023-05-31,58996.0,58955.89603174603,-40.10396825397038,-0.040103968253970376,-0.06797743618884396
public_registry,wind_onshore,mean_last_three_increments,2023-06-30,59309.0,59253.215053763444,-55.7849462365557,-0.0557849462365557,-0.09405814671728692
public_registry,wind_onshore,mean_last_three_increments,2023-07-31,59507.0,59592.933333333334,85.9333333333343,0.0859333333333343,0.14440878103976726
public_registry,wind_onshore,mean_last_three_increments,2023-08-31,59665.0,59770.47777777778,105.4777777777781,0.1054777777777781,0.17678333659227036
public_registry,wind_onshore,mean_last_three_increments,2023-09-30,60024.0,59884.17204301075,-139.82795698924747,-0.13982795698924746,-0.23295341361663247
public_registry,wind_onshore,mean_last_three_increments,2023-10-31,60435.0,60266.322222222225,-168.6777777777752,-0.16867777777777518,-0.27910611032973476
public_registry,wind_onshore,mean_last_three_increments,2023-11-30,60642.0,60738.215053763444,96.2150537634443,0.0962150537634443,0.15866075288322334
public_registry,wind_onshore,mean_last_three_increments,2023-12-31,61013.0,60973.955555555556,-39.0444444444438,-0.0390444444444438,-0.06399364798394408
public_registry,wind_onshore,mean_last_three_increments,2024-01-31,61134.0,61344.96666666667,210.96666666666715,0.21096666666666716,0.3450889303279143
public_registry,wind_onshore,mean_last_three_increments,2024-02-29,61352.0,61354.11935483871,2.119354838709114,0.0021193548387091143,0.0034544185009602203
public_registry,wind_onshore,mean_last_three_increments,2024-03-31,61548.0,61593.67816091954,45.67816091953864,0.04567816091953864,0.07421550809049626
public_registry,wind_onshore,mean_last_three_increments,2024-04-30,61688.0,61725.43047830923,37.43047830923024,0.03743047830923024,0.06067708194337673
public_registry,wind_onshore,mean_last_three_increments,2024-05-31,61740.0,61879.23371647509,139.2337164750934,0.1392337164750934,0.22551622363960705
public_registry,wind_onshore,mean_last_three_increments,2024-06-30,61914.0,61866.666666666664,-47.33333333333576,-0.04733333333333576,-0.07645012974987202
public_registry,wind_onshore,mean_last_three_increments,2024-07-31,62126.0,62039.48888888889,-86.51111111111095,-0.08651111111111096,-0.13925105609746474
public_registry,wind_onshore,mean_last_three_increments,2024-08-31,62305.0,62273.933333333334,-31.066666666665697,-0.031066666666665698,-0.04986223684562346
public_registry,wind_onshore,mean_last_three_increments,2024-09-30,62515.0,62489.12903225807,-25.870967741931963,-0.025870967741931962,-0.04138361631917454
public_registry,wind_onshore,mean_last_three_increments,2024-10-31,62721.0,62717.666666666664,-3.3333333333357587,-0.0033333333333357587,-0.00531454111595121
public_registry,wind_onshore,mean_last_three_increments,2024-11-30,63185.0,62915.1935483871,-269.8064516129016,-0.26980645161290157,-0.42701028980438643
public_registry,wind_onshore,mean_last_three_increments,2024-12-31,63589.0,63485.822222222225,-103.17777777777519,-0.10317777777777519,-0.1622572737073632
public_registry,wind_onshore,mean_last_three_increments,2025-01-31,63782.0,63952.15555555555,170.1555555555533,0.17015555555555328,0.26677676390761235
public_registry,wind_onshore,mean_last_three_increments,2025-02-28,64090.0,64106.09749103943,16.09749103942886,0.01609749103942886,0.025117008955264253
public_registry,wind_onshore,mean_last_three_increments,2025-03-31,64448.0,64402.666666666664,-45.33333333333576,-0.04533333333333576,-0.07034094670639238
public_registry,wind_onshore,mean_last_three_increments,2025-04-30,64709.0,64735.74193548387,26.741935483871202,0.0267419354838712,0.041326454564081044
public_registry,wind_onshore,mean_last_three_increments,2025-05-31,65078.0,65031.9,-46.099999999998545,-0.046099999999998545,-0.07083807123758958
public_registry,wind_onshore,mean_last_three_increments,2025-06-30,65444.0,65399.51612903226,-44.483870967742405,-0.0444838709677424,-0.06797242064626613
public_registry,wind_onshore,mean_last_three_increments,2025-07-31,65783.0,65782.96666666666,-0.03333333334012423,-3.333333334012423e-05,-5.0671652767621156e-05
public_registry,wind_onshore,mean_last_three_increments,2025-08-31,66118.0,66145.06666666667,27.066666666665697,0.027066666666665698,0.040936910775682414
public_registry,wind_onshore,mean_last_three_increments,2025-09-30,66452.0,66457.41935483871,5.4193548387120245,0.005419354838712025,0.008155292299271692
public_registry,wind_onshore,mean_last_three_increments,2025-10-31,67055.0,66791.71111111112,-263.2888888888847,-0.2632888888888847,-0.39264616939659186
public_registry,wind_onshore,mean_last_three_increments,2025-11-30,67411.0,67468.91397849462,57.91397849461646,0.05791397849461646,0.0859117629090452
public_registry,wind_onshore,mean_last_three_increments,2025-12-31,68180.0,67849.66666666667,-330.3333333333285,-0.3303333333333285,-0.4845018089371201
public_registry,wind_onshore,mean_last_three_increments,2026-01-31,68369.0,68759.95555555556,390.9555555555562,0.3909555555555562,0.5718316130930045
public_registry,wind_onshore,mean_last_three_increments,2026-02-28,68613.0,68768.18566308243,155.18566308243317,0.15518566308243317,0.22617530654895304
public_registry,wind_onshore,mean_last_three_increments,2026-03-31,69065.0,69022.38095238095,-42.61904761905316,-0.04261904761905316,-0.061708604385800565
public_registry,wind_onshore,mean_last_three_increments,2026-04-30,69348.0,69358.91705069125,10.917050691248733,0.010917050691248733,0.015742416062826226
public_registry,wind_onshore,mean_last_three_increments,2026-05-31,69681.0,69686.19206349207,5.192063492067973,0.005192063492067973,0.0074511896959974355
public_registry,wind_onshore,mean_last_three_increments,2026-06-30,70112.0,70028.55913978495,-83.44086021505063,-0.08344086021505064,-0.11901081158011559
public_registry,wind_onshore,mean_last_three_increments,2026-07-31,70476.0,70468.93333333333,-7.0666666666656965,-0.007066666666665697,-0.01002705412717194
public_registry,wind_onshore,mean_last_three_increments,2026-08-31,70779.0,70856.78888888888,77.78888888888469,0.07778888888888469,0.10990391060750321
public_registry,wind_onshore,linear_regression_last_three,2015-04-30,38347.0,38409.81171067739,62.81171067739342,0.06281171067739343,0.16379823891671688
public_registry,wind_onshore,linear_regression_last_three,2015-05-31,38502.0,38517.944285202415,15.944285202414903,0.015944285202414903,0.04141157654775052
public_registry,wind_onshore,linear_regression_last_three,2015-06-30,38697.0,38642.70763167322,-54.29236832677998,-0.05429236832677998,-0.14030123349815224
public_registry,wind_onshore,linear_regression_last_three,2015-07-31,38879.0,38874.74184879972,-4.258151200279826,-0.0042581512002798265,-0.01095231667553133
public_registry,wind_onshore,linear_regression_last_three,2015-08-31,39162.0,39070.53690433538,-91.4630956646215,-0.0914630956646215,-0.2335506247500677
public_registry,wind_onshore,linear_regression_last_three,2015-09-30,39490.0,39387.00000000004,-102.99999999996362,-0.10299999999996362,-0.26082552544938875
public_registry,wind_onshore,linear_regression_last_three,2015-10-31,39762.0,39800.35542816195,38.35542816195084,0.03835542816195084,0.09646252241323584
public_registry,wind_onshore,linear_regression_last_three,2015-11-30,40270.0,40056.90505195269,-213.0949480473064,-0.2130949480473064,-0.5291655029731969
public_registry,wind_onshore,linear_regression_last_three,2015-12-31,41297.0,40665.70261554998,-631.297384450023,-0.6312973844500229,-1.5286761373708089
public_registry,wind_onshore,linear_regression_last_three,2016-01-31,41410.0,42078.45324256532,668.4532425653233,0.6684532425653233,1.6142314478756903
public_registry,wind_onshore,linear_regression_last_three,2016-02-29,41596.0,41943.22580645157,347.22580645156995,0.34722580645157,0.8347576845167083
public_registry,wind_onshore,linear_regression_last_three,2016-03-31,42102.0,41750.00721954832,-351.9927804516774,-0.35199278045167737,-0.8360476472653968
public_registry,wind_onshore,linear_regression_last_three,2016-04-30,42255.0,42449.6490188819,194.6490188819007,0.1946490188819007,0.46065322182440116
public_registry,wind_onshore,linear_regression_last_three,2016-05-31,42518.0,42590.8518452168,72.85184521679912,0.07285184521679912,0.1713435373648787
public_registry,wind_onshore,linear_regression_last_three,2016-06-30,43132.0,42722.86743102833,-409.13256897166866,-0.40913256897166866,-0.9485592343774197
public_registry,wind_onshore,linear_regression_last_three,2016-07-31,43199.0,43576.67395198855,377.6739519885523,0.3776739519885523,0.874265496860002
public_registry,wind_onshore,linear_regression_last_three,2016-08-31,43446.0,43543.53206735939,97.53206735938875,0.09753206735938874,0.2244903267490419
public_registry,wind_onshore,linear_regression_last_three,2016-09-30,44093.0,43597.93548387097,-495.0645161290304,-0.4950645161290304,-1.1227734926837147
public_registry,wind_onshore,linear_regression_last_three,2016-10-31,44200.0,44546.176460050134,346.17646005013376,0.34617646005013375,0.783204660746909
public_registry,wind_onshore,linear_regression_last_three,2016-11-30,44493.0,44569.33536366895,76.33536366894987,0.07633536366894987,0.17156713116434016
public_registry,wind_onshore,linear_regression_last_three,2016-12-31,45283.0,44695.74399856681,-587.2560014331902,-0.5872560014331902,-1.2968575435222718
public_registry,wind_onshore,linear_regression_last_three,2017-01-31,45534.0,45834.70781082046,300.7078108204587,0.30070781082045867,0.6604027997111142
public_registry,wind_onshore,linear_regression_last_three,2017-02-28,45925.0,46004.12903225811,79.12903225811169,0.07912903225811169,0.17230056017008533
public_registry,wind_onshore,linear_regression_last_three,2017-03-31,46267.0,46260.785878300834,-6.214121699165844,-0.006214121699165844,-0.013431002008269056
public_registry,wind_onshore,linear_regression_last_three,2017-04-30,46578.0,46638.9690011481,60.96900114809978,0.06096900114809978,0.13089656307290948
public_registry,wind_onshore,linear_regression_last_three,2017-05-31,47099.0,46909.908814045135,-189.09118595486507,-0.18909118595486507,-0.4014760100105418
public_registry,wind_onshore,linear_regression_last_three,2017-06-30,47493.0,47508.70798996777,15.707989967770118,0.015707989967770116,0.03307432667502604
public_registry,wind_onshore,linear_regression_last_three,2017-07-31,47896.0,47958.3109996417,62.31099964169698,0.06231099964169698,0.13009645824640256
public_registry,wind_onshore,linear_regression_last_three,2017-08-31,48186.0,48301.0214976711,115.0214976710995,0.1150214976710995,0.23870314545946852
public_registry,wind_onshore,linear_regression_last_three,2017-09-30,48983.0,48521.322580645174,-461.67741935482627,-0.46167741935482626,-0.9425258137615627
public_registry,wind_onshore,linear_regression_last_three,2017-10-31,49083.0,49533.95252597631,450.9525259763104,0.4509525259763104,0.9187550190011009
public_registry,wind_onshore,linear_regression_last_three,2017-11-30,49390.0,49522.23504120386,132.2350412038577,0.13223504120385768,0.26773646730888373
public_registry,wind_onshore,linear_regression_last_three,2017-12-31,50174.0,49596.24274453597,-577.7572554640283,-0.5777572554640282,-1.1515072656436167
public_registry,wind_onshore,linear_regression_last_three,2018-01-31,50278.0,50729.717484772395,451.7174847723945,0.45171748477239454,0.8984396451179334
public_registry,wind_onshore,linear_regression_last_three,2018-02-28,50467.0,50679.03225806454,212.03225806453702,0.21203225806453702,0.420140404748721
public_registry,wind_onshore,linear_regression_last_three,2018-03-31,51088.0,50620.06027554534,-467.9397244546635,-0.46793972445466353,-0.9159484114756176
public_registry,wind_onshore,linear_regression_last_three,2018-04-30,51142.0,51503.22962112509,361.22962112508685,0.36122962112508683,0.7063267395195473
public_registry,wind_onshore,linear_regression_last_three,2018-05-31,51229.0,51486.5764958796,257.57649587959895,0.25757649587959897,0.5027943076765093
public_registry,wind_onshore,linear_regression_last_three,2018-06-30,51677.0,51298.42672877104,-378.57327122896095,-0.37857327122896095,-0.7325759452540994
public_registry,wind_onshore,linear_regression_last_three,2018-07-31,51696.0,51947.85847366538,251.85847366537928,0.2518584736653793,0.4871914145492481
public_registry,wind_onshore,linear_regression_last_three,2018-08-31,51746.0,51932.11537083486,186.11537083485746,0.18611537083485746,0.35967102932566275
public_registry,wind_onshore,linear_regression_last_three,2018-09-30,51990.0,51779.3870967742,-210.61290322580317,-0.21061290322580317,-0.40510271826467237
public_registry,wind_onshore,linear_regression_last_three,2018-10-31,52033.0,52138.85775707631,105.85775707630819,0.10585775707630819,0.2034435013862514
public_registry,wind_onshore,linear_regression_last_three,2018-11-30,52124.0,52173.59476890005,49.59476890005317,0.04959476890005317,0.09514766499127689
public_registry,wind_onshore,linear_regression_last_three,2018-12-31,52328.0,52191.95897527769,-136.0410247223117,-0.1360410247223117,-0.259977497176104
public_registry,wind_onshore,linear_regression_last_three,2019-01-31,52378.0,52478.21838050879,100.2183805087916,0.1002183805087916,0.19133678359004086
public_registry,wind_onshore,linear_regression_last_three,2019-02-28,52413.0,52492.70967741936,79.70967741936329,0.07970967741936329,0.1520799752339368
public_registry,wind_onshore,linear_regression_last_three,2019-03-31,52456.0,52457.756027554526,1.7560275545256445,0.0017560275545256444,0.003347620013965313
public_registry,wind_onshore,linear_regression_last_three,2019-04-30,52478.0,52495.69575200919,17.695752009189164,0.017695752009189165,0.03372032472500698
public_registry,wind_onshore,linear_regression_last_three,2019-05-31,52500.0,52511.08814045145,11.088140451451181,0.011088140451451182,0.02112026752657368
public_registry,wind_onshore,linear_regression_last_three,2019-06-30,52551.0,52521.637405947695,-29.362594052305212,-0.02936259405230521,-0.05587447251680313
public_registry,wind_onshore,linear_regression_last_three,2019-07-31,52611.0,52588.014510927984,-22.985489072016208,-0.022985489072016207,-0.04368951183595865
public_registry,wind_onshore,linear_regression_last_three,2019-08-31,52642.0,52667.429774274446,25.429774274445663,0.025429774274445663,0.04830700633419259
public_registry,wind_onshore,linear_regression_last_three,2019-09-30,52757.0,52686.03225806452,-70.96774193547753,-0.07096774193547753,-0.13451815291900135
public_registry,wind_onshore,linear_regression_last_three,2019-10-31,52834.0,52830.95682551056,-3.0431744894376607,-0.0030431744894376606,-0.005759879035162321
public_registry,wind_onshore,linear_regression_last_three,2019-11-30,52938.0,52928.315657470455,-9.684342529544665,-0.009684342529544665,-0.01829374462492853
public_registry,wind_onshore,linear_regression_last_three,2019-12-31,53193.0,53029.90039412396,-163.09960587604292,-0.1630996058760429,-0.30661855108011
public_registry,wind_onshore,linear_regression_last_three,2020-01-31,53294.0,53375.845575062696,81.8455750626963,0.0818455750626963,0.15357371385652474
public_registry,wind_onshore,linear_regression_last_three,2020-02-29,53424.0,53460.51612903225,36.51612903225032,0.03651612903225032,0.0683515443101421
public_registry,wind_onshore,linear_regression_last_three,2020-03-31,53508.0,53543.13939281745,35.13939281745115,0.035139392817451154,0.0656712880643103
public_registry,wind_onshore,linear_regression_last_three,2020-04-30,53580.0,53614.7049241022,34.70492410220322,0.03470492410220322,0.06477216144494816
public_registry,wind_onshore,linear_regression_last_three,2020-05-31,53656.0,53659.3049086349,3.304908634898311,0.003304908634898311,0.0061594390839762765
public_registry,wind_onshore,linear_regression_last_three,2020-06-30,53724.0,53728.79111429595,4.791114295949228,0.004791114295949228,0.008918014846156706
public_registry,wind_onshore,linear_regression_last_three,2020-07-31,53785.0,53797.1959871014,12.195987101396895,0.012195987101396895,0.022675443155892712
public_registry,wind_onshore,linear_regression_last_three,2020-08-31,53868.0,53850.53206735937,-17.46793264063308,-0.01746793264063308,-0.03242729011775652
public_registry,wind_onshore,linear_regression_last_three,2020-09-30,53937.0,53937.67741935484,0.677419354840822,0.000677419354840822,0.0012559455565582477
public_registry,wind_onshore,linear_regression_last_three,2020-10-31,54065.0,54014.27785739879,-50.72214260121109,-0.05072214260121109,-0.0938169658766505
public_registry,wind_onshore,linear_regression_last_three,2020-11-30,54242.0,54162.03511286277,-79.96488713722647,-0.07996488713722646,-0.14742245333362797
public_registry,wind_onshore,linear_regression_last_three,2020-12-31,54414.0,54396.85005374417,-17.149946255827672,-0.01714994625582767,-0.031517525371830175
public_registry,wind_onshore,linear_regression_last_three,2021-01-31,54494.0,54591.33088498746,97.33088498745929,0.09733088498745929,0.1786084431083409
public_registry,wind_onshore,linear_regression_last_three,2021-02-28,54660.0,54607.8064516129,-52.19354838709842,-0.052193548387098415,-0.09548764798225104
public_registry,wind_onshore,linear_regression_last_three,2021-03-31,54865.0,54788.377726750856,-76.6222732491442,-0.0766222732491442,-0.1396560161289423
public_registry,wind_onshore,linear_regression_last_three,2021-04-30,54996.0,55053.81745120553,57.817451205526595,0.057817451205526595,0.10513028439436796
public_registry,wind_onshore,linear_regression_last_three,2021-05-31,55056.0,55166.94428520242,110.94428520242218,0.11094428520242218,0.20151170663038032
public_registry,wind_onshore,linear_regression_last_three,2021-06-30,55242.0,55149.735220351125,-92.26477964887454,-0.09226477964887454,-0.1670192600718195
public_registry,wind_onshore,linear_regression_last_three,2021-07-31,55358.0,55366.65532067357,8.655320673569804,0.008655320673569803,0.015635175897918647
public_registry,wind_onshore,linear_regression_last_three,2021-08-31,55446.0,55511.26728771049,65.26728771049238,0.06526728771049238,0.11771324840474044
public_registry,wind_onshore,linear_regression_last_three,2021-09-30,55559.0,55544.709677419356,-14.290322580643988,-0.014290322580643987,-0.025720985944030647
public_registry,wind_onshore,linear_regression_last_three,2021-10-31,55707.0,55661.06897169473,-45.93102830526914,-0.045931028305269135,-0.08245108928010687
public_registry,wind_onshore,linear_regression_last_three,2021-11-30,55805.0,55835.443210318874,30.443210318873753,0.030443210318873752,0.05455283633881149
public_registry,wind_onshore,linear_regression_last_three,2021-12-31,56046.0,55930.14403439627,-115.85596560373233,-0.11585596560373233,-0.20671585055799224
public_registry,wind_onshore,linear_regression_last_three,2022-01-31,56124.0,56218.660336796864,94.6603367968637,0.0946603367968637,0.16866284797388587
public_registry,wind_onshore,linear_regression_last_three,2022-02-28,56256.0,56268.064516129045,12.064516129044932,0.012064516129044932,0.02144574112813732
public_registry,wind_onshore,linear_regression_last_three,2022-03-31,56360.0,56365.763490241094,5.7634902410936775,0.005763490241093678,0.010226206957227958
public_registry,wind_onshore,linear_regression_last_three,2022-04-30,56450.0,56479.65556831231,29.655568312307878,0.029655568312307878,0.052534221988145044
public_registry,wind_onshore,linear_regression_last_three,2022-05-31,56635.0,56548.62020781082,-86.3797921891819,-0.0863797921891819,-0.15252015924637044
public_registry,wind_onshore,linear_regression_last_three,2022-06-30,56845.0,56770.48907201719,-74.51092798281024,-0.07451092798281024,-0.13107736473359177
public_registry,wind_onshore,linear_regression_last_three,2022-07-31,57011.0,57045.65030455035,34.650304550348665,0.03465030455034866,0.060778278841537005
public_registry,wind_onshore,linear_regression_last_three,2022-08-31,57145.0,57201.94267287708,56.94267287707771,0.05694267287707771,0.09964594081210555
public_registry,wind_onshore,linear_regression_last_three,2022-09-30,57370.0,57290.161290322576,-79.83870967742405,-0.07983870967742406,-0.13916456279836856
public_registry,wind_onshore,linear_regression_last_three,2022-10-31,57510.0,57552.173593693995,42.17359369399492,0.04217359369399492,0.07333262683706297
public_registry,wind_onshore,linear_regression_last_three,2022-11-30,57742.0,57689.26370476529,-52.73629523471027,-0.05273629523471027,-0.09133091204792053
public_registry,wind_onshore,linear_regression_last_three,2022-12-31,58014.0,57930.776782515226,-83.22321748477407,-0.08322321748477407,-0.1434536792580654
public_registry,wind_onshore,linear_regression_last_three,2023-01-31,58064.0,58270.21927624507,206.21927624507225,0.20621927624507225,0.355158577164977
public_registry,wind_onshore,linear_regression_last_three,2023-02-28,58207.0,58209.41935483872,2.4193548387193005,0.0024193548387193005,0.00415646715810693
public_registry,wind_onshore,linear_regression_last_three,2023-03-31,58476.0,58307.491963260625,-168.5080367393748,-0.1685080367393748,-0.2881661480596737
public_registry,wind_onshore,linear_regression_last_three,2023-04-30,58727.0,58686.39609644085,-40.60390355915297,-0.04060390355915297,-0.06914009494636704
public_registry,wind_onshore,linear_regression_last_three,2023-05-31,58996.0,58991.28860623431,-4.711393765690445,-0.004711393765690445,-0.00798595458283688
public_registry,wind_onshore,linear_regression_last_three,2023-06-30,59309.0,59251.76316732353,-57.23683267646993,-0.05723683267646993,-0.09650615029164196
public_registry,wind_onshore,linear_regression_last_three,2023-07-31,59507.0,59604.62182013616,97.62182013616257,0.09762182013616257,0.16405098582715072
public_registry,wind_onshore,linear_regression_last_three,2023-08-31,59665.0,59766.3459333572,101.34593335720274,0.10134593335720274,0.16985826423732966
public_registry,wind_onshore,linear_regression_last_three,2023-09-30,60024.0,59837.258064516136,-186.74193548386393,-0.18674193548386392,-0.31111211429405555
public_registry,wind_onshore,linear_regression_last_three,2023-10-31,60435.0,60286.15603726261,-148.8439627373882,-0.1488439627373882,-0.2462876855090398
public_registry,wind_onshore,linear_regression_last_three,2023-11-30,60642.0,60813.79433894662,171.7943389466236,0.1717943389466236,0.2832926667105696
public_registry,wind_onshore,linear_regression_last_three,2023-12-31,61013.0,60956.603905410215,-56.39609458978521,-0.05639609458978521,-0.0924329152636081
public_registry,wind_onshore,linear_regression_last_three,2024-01-31,61134.0,61307.16678609816,173.16678609816154,0.17316678609816155,0.2832577388984224
public_registry,wind_onshore,linear_regression_last_three,2024-02-29,61352.0,61364.129032258046,12.129032258046209,0.012129032258046209,0.01976957924443573
public_registry,wind_onshore,linear_regression_last_three,2024-03-31,61548.0,61526.52850796006,-21.47149203994195,-0.02147149203994195,-0.03488576727097867
public_registry,wind_onshore,linear_regression_last_three,2024-04-30,61688.0,61754.80118474637,66.80118474637129,0.0668011847463713,0.10828878346902363
public_registry,wind_onshore,linear_regression_last_three,2024-05-31,61740.0,61858.89430311715,118.89430311715114,0.11889430311715114,0.1925725674071123
public_registry,wind_onshore,linear_regression_last_three,2024-06-30,61914.0,61834.18129702617,-79.81870297383284,-0.07981870297383284,-0.12891866617216274
public_registry,wind_onshore,linear_regression_last_three,2024-07-31,62126.0,62028.50340379791,-97.49659620208695,-0.09749659620208695,-0.15693364485414632
public_registry,wind_onshore,linear_regression_last_three,2024-08-31,62305.0,62322.251881046264,17.251881046264316,0.017251881046264315,0.027689400603907097
public_registry,wind_onshore,linear_regression_last_three,2024-09-30,62515.0,62494.19354838714,-20.806451612857927,-0.020806451612857928,-0.03328233482021583
public_registry,wind_onshore,linear_regression_last_three,2024-10-31,62721.0,62712.58473665354,-8.41526334646187,-0.00841526334646187,-0.013416978916888872
public_registry,wind_onshore,linear_regression_last_three,2024-11-30,63185.0,62925.56108921531,-259.4389107846873,-0.25943891078468734,-0.4106020586922329
public_registry,wind_onshore,linear_regression_last_three,2024-12-31,63589.0,63524.744894303105,-64.25510569689504,-0.06425510569689505,-0.1010475171757616
public_registry,wind_onshore,linear_regression_last_three,2025-01-31,63782.0,64029.90863489792,247.9086348979181,0.2479086348979181,0.38868118732231366
public_registry,wind_onshore,linear_regression_last_three,2025-02-28,64090.0,64051.61290322577,-38.387096774233214,-0.038387096774233215,-0.05989561050746328
public_registry,wind_onshore,linear_regression_last_three,2025-03-31,64448.0,64351.98737083811,-96.01262916188716,-0.09601262916188716,-0.14897689480183582
public_registry,wind_onshore,linear_regression_last_three,2025-04-30,64709.0,64786.78300803673,77.78300803672755,0.07778300803672755,0.12020431166719861
public_registry,wind_onshore,linear_regression_last_three,2025-05-31,65078.0,65023.81494088136,-54.18505911863758,-0.05418505911863758,-0.08326171535486275
public_registry,wind_onshore,linear_regression_last_three,2025-06-30,65444.0,65388.09853099251,-55.90146900749096,-0.05590146900749096,-0.08541878400997946
public_registry,wind_onshore,linear_regression_last_three,2025-07-31,65783.0,65817.49946255816,34.4994625581603,0.034499462558160304,0.05244434361181507
public_registry,wind_onshore,linear_regression_last_three,2025-08-31,66118.0,66141.17162307419,23.171623074187664,0.023171623074187665,0.035045862056002394
public_registry,wind_onshore,linear_regression_last_three,2025-09-30,66452.0,66444.12903225802,-7.870967741982895,-0.007870967741982895,-0.011844591196627483
public_registry,wind_onshore,linear_regression_last_three,2025-10-31,67055.0,66791.95592977425,-263.0440702257474,-0.26304407022574744,-0.3922810681168405
public_registry,wind_onshore,linear_regression_last_three,2025-11-30,67411.0,67516.50125403081,105.50125403080892,0.10550125403080893,0.1565045082120261
public_registry,wind_onshore,linear_regression_last_three,2025-12-31,68180.0,67899.00286635614,-280.99713364386116,-0.28099713364386114,-0.412140119747523
public_registry,wind_onshore,linear_regression_last_three,2026-01-31,68369.0,68752.81691150134,383.8169115013443,0.3838169115013443,0.5613902667895454
public_registry,wind_onshore,linear_regression_last_three,2026-02-28,68613.0,68801.6451612903,188.6451612903038,0.18864516129030381,0.2749408439950211
public_registry,wind_onshore,linear_regression_last_three,2026-03-31,69065.0,68839.82319173364,-225.17680826636206,-0.22517680826636205,-0.3260360649625166
public_registry,wind_onshore,linear_regression_last_three,2026-04-30,69348.0,69420.38461538471,72.38461538471165,0.07238461538471165,0.1043788074417599
public_registry,wind_onshore,linear_regression_last_three,2026-05-31,69681.0,69721.96040845578,40.96040845577954,0.04096040845577954,0.05878275061462887
public_registry,wind_onshore,linear_regression_last_three,2026-06-30,70112.0,69984.05804371194,-127.94195628806483,-0.12794195628806482,-0.18248225166599844
public_registry,wind_onshore,linear_regression_last_three,2026-07-31,70476.0,70499.9553923325,23.955392332500196,0.023955392332500196,0.0339908512578753
public_registry,wind_onshore,linear_regression_last_three,2026-08-31,70779.0,70879.79415979933,100.79415979933401,0.10079415979933401,0.14240687181131975
public_registry,wind_onshore,hold_last_value,2015-03-31,38216.0,38011.0,-205.0,-0.205,-0.536424534226502
public_registry,wind_onshore,hold_last_value,2015-04-30,38347.0,38216.0,-131.0,-0.131,-0.3416173364278822
public_registry,wind_onshore,hold_last_value,2015-05-31,38502.0,38347.0,-155.0,-0.155,-0.40257648953301123
public_registry,wind_onshore,hold_last_value,2015-06-30,38697.0,38502.0,-195.0,-0.195,-0.5039150321730367
public_registry,wind_onshore,hold_last_value,2015-07-31,38879.0,38697.0,-182.0,-0.182,-0.46811903598343574
public_registry,wind_onshore,hold_last_value,2015-08-31,39162.0,38879.0,-283.0,-0.283,-0.7226392931923804
public_registry,wind_onshore,hold_last_value,2015-09-30,39490.0,39162.0,-328.0,-0.328,-0.8305900227905798
public_registry,wind_onshore,hold_last_value,2015-10-31,39762.0,39490.0,-272.0,-0.272,-0.6840702177958855
public_registry,wind_onshore,hold_last_value,2015-11-30,40270.0,39762.0,-508.0,-0.508,-1.2614849764092377
public_registry,wind_onshore,hold_last_value,2015-12-31,41297.0,40270.0,-1027.0,-1.027,-2.4868634525510327
public_registry,wind_onshore,hold_last_value,2016-01-31,41410.0,41297.0,-113.0,-0.113,-0.27288094663124846
public_registry,wind_onshore,hold_last_value,2016-02-29,41596.0,41410.0,-186.0,-0.186,-0.4471583806135205
public_registry,wind_onshore,hold_last_value,2016-03-31,42102.0,41596.0,-506.0,-0.506,-1.2018431428435703
public_registry,wind_onshore,hold_last_value,2016-04-30,42255.0,42102.0,-153.0,-0.153,-0.362087326943557
public_registry,wind_onshore,hold_last_value,2016-05-31,42518.0,42255.0,-263.0,-0.263,-0.6185615504021826
public_registry,wind_onshore,hold_last_value,2016-06-30,43132.0,42518.0,-614.0,-0.614,-1.4235370490587036
public_registry,wind_onshore,hold_last_value,2016-07-31,43199.0,43132.0,-67.0,-0.067,-0.15509618278200885
public_registry,wind_onshore,hold_last_value,2016-08-31,43446.0,43199.0,-247.0,-0.247,-0.5685218432076601
public_registry,wind_onshore,hold_last_value,2016-09-30,44093.0,43446.0,-647.0,-0.647,-1.467353094595514
public_registry,wind_onshore,hold_last_value,2016-10-31,44200.0,44093.0,-107.0,-0.107,-0.24208144796380088
public_registry,wind_onshore,hold_last_value,2016-11-30,44493.0,44200.0,-293.0,-0.293,-0.6585305553682602
public_registry,wind_onshore,hold_last_value,2016-12-31,45283.0,44493.0,-790.0,-0.79,-1.7445840602433582
public_registry,wind_onshore,hold_last_value,2017-01-31,45534.0,45283.0,-251.0,-0.251,-0.5512364387051434
public_registry,wind_onshore,hold_last_value,2017-02-28,45925.0,45534.0,-391.0,-0.391,-0.8513881328252586
public_registry,wind_onshore,hold_last_value,2017-03-31,46267.0,45925.0,-342.0,-0.342,-0.7391877580132709
public_registry,wind_onshore,hold_last_value,2017-04-30,46578.0,46267.0,-311.0,-0.311,-0.6676971961011636
public_registry,wind_onshore,hold_last_value,2017-05-31,47099.0,46578.0,-521.0,-0.521,-1.1061805983141892
public_registry,wind_onshore,hold_last_value,2017-06-30,47493.0,47099.0,-394.0,-0.394,-0.8295959404543828
public_registry,wind_onshore,hold_last_value,2017-07-31,47896.0,47493.0,-403.0,-0.403,-0.841406380491064
public_registry,wind_onshore,hold_last_value,2017-08-31,48186.0,47896.0,-290.0,-0.29,-0.6018345577553647
public_registry,wind_onshore,hold_last_value,2017-09-30,48983.0,48186.0,-797.0,-0.797,-1.6270951146316068
public_registry,wind_onshore,hold_last_value,2017-10-31,49083.0,48983.0,-100.0,-0.1,-0.20373652792209113
public_registry,wind_onshore,hold_last_value,2017-11-30,49390.0,49083.0,-307.0,-0.307,-0.621583316460822
public_registry,wind_onshore,hold_last_value,2017-12-31,50174.0,49390.0,-784.0,-0.784,-1.5625622832542752
public_registry,wind_onshore,hold_last_value,2018-01-31,50278.0,50174.0,-104.0,-0.104,-0.20684991447551612
public_registry,wind_onshore,hold_last_value,2018-02-28,50467.0,50278.0,-189.0,-0.189,-0.3745021499197495
public_registry,wind_onshore,hold_last_value,2018-03-31,51088.0,50467.0,-621.0,-0.621,-1.215549639837144
public_registry,wind_onshore,hold_last_value,2018-04-30,51142.0,51088.0,-54.0,-0.054,-0.10558836181611983
public_registry,wind_onshore,hold_last_value,2018-05-31,51229.0,51142.0,-87.0,-0.087,-0.16982568467079193
public_registry,wind_onshore,hold_last_value,2018-06-30,51677.0,51229.0,-448.0,-0.448,-0.8669233895156453
public_registry,wind_onshore,hold_last_value,2018-07-31,51696.0,51677.0,-19.0,-0.019,-0.036753327143299284
public_registry,wind_onshore,hold_last_value,2018-08-31,51746.0,51696.0,-50.0,-0.05,-0.0966258261508136
public_registry,wind_onshore,hold_last_value,2018-09-30,51990.0,51746.0,-244.0,-0.244,-0.46932102327370645
public_registry,wind_onshore,hold_last_value,2018-10-31,52033.0,51990.0,-43.0,-0.043,-0.08263986316376146
public_registry,wind_onshore,hold_last_value,2018-11-30,52124.0,52033.0,-91.0,-0.091,-0.17458368505870617
public_registry,wind_onshore,hold_last_value,2018-12-31,52328.0,52124.0,-204.0,-0.204,-0.3898486469958722
public_registry,wind_onshore,hold_last_value,2019-01-31,52378.0,52328.0,-50.0,-0.05,-0.09545992592309749
public_registry,wind_onshore,hold_last_value,2019-02-28,52413.0,52378.0,-35.0,-0.035,-0.06677732623585751
public_registry,wind_onshore,hold_last_value,2019-03-31,52456.0,52413.0,-43.0,-0.043,-0.08197346347414977
public_registry,wind_onshore,hold_last_value,2019-04-30,52478.0,52456.0,-22.0,-0.022,-0.041922329357063914
public_registry,wind_onshore,hold_last_value,2019-05-31,52500.0,52478.0,-22.0,-0.022,-0.0419047619047619
public_registry,wind_onshore,hold_last_value,2019-06-30,52551.0,52500.0,-51.0,-0.051,-0.09704858137808986
public_registry,wind_onshore,hold_last_value,2019-07-31,52611.0,52551.0,-60.0,-0.06,-0.11404459143525118
public_registry,wind_onshore,hold_last_value,2019-08-31,52642.0,52611.0,-31.0,-0.031,-0.05888834010865848
public_registry,wind_onshore,hold_last_value,2019-09-30,52757.0,52642.0,-115.0,-0.115,-0.21798055234376482
public_registry,wind_onshore,hold_last_value,2019-10-31,52834.0,52757.0,-77.0,-0.077,-0.14573948593708597
public_registry,wind_onshore,hold_last_value,2019-11-30,52938.0,52834.0,-104.0,-0.104,-0.19645623181835356
public_registry,wind_onshore,hold_last_value,2019-12-31,53193.0,52938.0,-255.0,-0.255,-0.4793863854266539
public_registry,wind_onshore,hold_last_value,2020-01-31,53294.0,53193.0,-101.0,-0.101,-0.18951476714076632
public_registry,wind_onshore,hold_last_value,2020-02-29,53424.0,53294.0,-130.0,-0.13,-0.24333632824198861
public_registry,wind_onshore,hold_last_value,2020-03-31,53508.0,53424.0,-84.0,-0.084,-0.15698587127158556
public_registry,wind_onshore,hold_last_value,2020-04-30,53580.0,53508.0,-72.0,-0.072,-0.1343784994400896
public_registry,wind_onshore,hold_last_value,2020-05-31,53656.0,53580.0,-76.0,-0.076,-0.141643059490085
public_registry,wind_onshore,hold_last_value,2020-06-30,53724.0,53656.0,-68.0,-0.068,-0.12657285384558112
public_registry,wind_onshore,hold_last_value,2020-07-31,53785.0,53724.0,-61.0,-0.061,-0.11341452077716836
public_registry,wind_onshore,hold_last_value,2020-08-31,53868.0,53785.0,-83.0,-0.083,-0.1540803445459271
public_registry,wind_onshore,hold_last_value,2020-09-30,53937.0,53868.0,-69.0,-0.069,-0.1279270259747483
public_registry,wind_onshore,hold_last_value,2020-10-31,54065.0,53937.0,-128.0,-0.128,-0.23675205770831406
public_registry,wind_onshore,hold_last_value,2020-11-30,54242.0,54065.0,-177.0,-0.177,-0.32631540134950776
public_registry,wind_onshore,hold_last_value,2020-12-31,54414.0,54242.0,-172.0,-0.172,-0.3160951225787481
public_registry,wind_onshore,hold_last_value,2021-01-31,54494.0,54414.0,-80.0,-0.08,-0.14680515286086543
public_registry,wind_onshore,hold_last_value,2021-02-28,54660.0,54494.0,-166.0,-0.166,-0.3036955726308086
public_registry,wind_onshore,hold_last_value,2021-03-31,54865.0,54660.0,-205.0,-0.205,-0.3736443998906407
public_registry,wind_onshore,hold_last_value,2021-04-30,54996.0,54865.0,-131.0,-0.131,-0.23819914175576404
public_registry,wind_onshore,hold_last_value,2021-05-31,55056.0,54996.0,-60.0,-0.06,-0.1089799476896251
public_registry,wind_onshore,hold_last_value,2021-06-30,55242.0,55056.0,-186.0,-0.186,-0.33670033670033667
public_registry,wind_onshore,hold_last_value,2021-07-31,55358.0,55242.0,-116.0,-0.116,-0.2095451425268254
public_registry,wind_onshore,hold_last_value,2021-08-31,55446.0,55358.0,-88.0,-0.088,-0.15871298200050502
public_registry,wind_onshore,hold_last_value,2021-09-30,55559.0,55446.0,-113.0,-0.113,-0.2033873899818211
public_registry,wind_onshore,hold_last_value,2021-10-31,55707.0,55559.0,-148.0,-0.148,-0.2656757678568223
public_registry,wind_onshore,hold_last_value,2021-11-30,55805.0,55707.0,-98.0,-0.098,-0.17561150434548875
public_registry,wind_onshore,hold_last_value,2021-12-31,56046.0,55805.0,-241.0,-0.241,-0.4300039253470364
public_registry,wind_onshore,hold_last_value,2022-01-31,56124.0,56046.0,-78.0,-0.078,-0.1389779773358991
public_registry,wind_onshore,hold_last_value,2022-02-28,56256.0,56124.0,-132.0,-0.132,-0.234641638225256
public_registry,wind_onshore,hold_last_value,2022-03-31,56360.0,56256.0,-104.0,-0.104,-0.18452803406671398
public_registry,wind_onshore,hold_last_value,2022-04-30,56450.0,56360.0,-90.0,-0.09,-0.15943312666076173
public_registry,wind_onshore,hold_last_value,2022-05-31,56635.0,56450.0,-185.0,-0.185,-0.32665312969012095
public_registry,wind_onshore,hold_last_value,2022-06-30,56845.0,56635.0,-210.0,-0.21,-0.3694256311021198
public_registry,wind_onshore,hold_last_value,2022-07-31,57011.0,56845.0,-166.0,-0.166,-0.29117187911104875
public_registry,wind_onshore,hold_last_value,2022-08-31,57145.0,57011.0,-134.0,-0.134,-0.23449120657975325
public_registry,wind_onshore,hold_last_value,2022-09-30,57370.0,57145.0,-225.0,-0.225,-0.3921910406135611
public_registry,wind_onshore,hold_last_value,2022-10-31,57510.0,57370.0,-140.0,-0.14,-0.24343592418709792
public_registry,wind_onshore,hold_last_value,2022-11-30,57742.0,57510.0,-232.0,-0.232,-0.4017872605728932
public_registry,wind_onshore,hold_last_value,2022-12-31,58014.0,57742.0,-272.0,-0.272,-0.46885234598545183
public_registry,wind_onshore,hold_last_value,2023-01-31,58064.0,58014.0,-50.0,-0.05,-0.08611187655001377
public_registry,wind_onshore,hold_last_value,2023-02-28,58207.0,58064.0,-143.0,-0.143,-0.2456749188241964
public_registry,wind_onshore,hold_last_value,2023-03-31,58476.0,58207.0,-269.0,-0.269,-0.4600177850742185
public_registry,wind_onshore,hold_last_value,2023-04-30,58727.0,58476.0,-251.0,-0.251,-0.42740136564101694
public_registry,wind_onshore,hold_last_value,2023-05-31,58996.0,58727.0,-269.0,-0.269,-0.45596311614346735
public_registry,wind_onshore,hold_last_value,2023-06-30,59309.0,58996.0,-313.0,-0.313,-0.5277445244397984
public_registry,wind_onshore,hold_last_value,2023-07-31,59507.0,59309.0,-198.0,-0.198,-0.3327339640714538
public_registry,wind_onshore,hold_last_value,2023-08-31,59665.0,59507.0,-158.0,-0.158,-0.2648118662532473
public_registry,wind_onshore,hold_last_value,2023-09-30,60024.0,59665.0,-359.0,-0.359,-0.5980940956950553
public_registry,wind_onshore,hold_last_value,2023-10-31,60435.0,60024.0,-411.0,-0.411,-0.6800694961528915
public_registry,wind_onshore,hold_last_value,2023-11-30,60642.0,60435.0,-207.0,-0.207,-0.3413475808845355
public_registry,wind_onshore,hold_last_value,2023-12-31,61013.0,60642.0,-371.0,-0.371,-0.6080671332339009
public_registry,wind_onshore,hold_last_value,2024-01-31,61134.0,61013.0,-121.0,-0.121,-0.19792586776589133
public_registry,wind_onshore,hold_last_value,2024-02-29,61352.0,61134.0,-218.0,-0.218,-0.3553266397183466
public_registry,wind_onshore,hold_last_value,2024-03-31,61548.0,61352.0,-196.0,-0.196,-0.3184506401507766
public_registry,wind_onshore,hold_last_value,2024-04-30,61688.0,61548.0,-140.0,-0.14,-0.22694851510828687
public_registry,wind_onshore,hold_last_value,2024-05-31,61740.0,61688.0,-52.0,-0.052,-0.08422416585681892
public_registry,wind_onshore,hold_last_value,2024-06-30,61914.0,61740.0,-174.0,-0.174,-0.28103498401007854
public_registry,wind_onshore,hold_last_value,2024-07-31,62126.0,61914.0,-212.0,-0.212,-0.34124199208061035
public_registry,wind_onshore,hold_last_value,2024-08-31,62305.0,62126.0,-179.0,-0.179,-0.2872963646577321
public_registry,wind_onshore,hold_last_value,2024-09-30,62515.0,62305.0,-210.0,-0.21,-0.33591937934895627
public_registry,wind_onshore,hold_last_value,2024-10-31,62721.0,62515.0,-206.0,-0.206,-0.3284386409655458
public_registry,wind_onshore,hold_last_value,2024-11-30,63185.0,62721.0,-464.0,-0.464,-0.7343515074780407
public_registry,wind_onshore,hold_last_value,2024-12-31,63589.0,63185.0,-404.0,-0.404,-0.6353300099073739
public_registry,wind_onshore,hold_last_value,2025-01-31,63782.0,63589.0,-193.0,-0.193,-0.30259320811514223
public_registry,wind_onshore,hold_last_value,2025-02-28,64090.0,63782.0,-308.0,-0.308,-0.4805741925417382
public_registry,wind_onshore,hold_last_value,2025-03-31,64448.0,64090.0,-358.0,-0.358,-0.5554865938430983
public_registry,wind_onshore,hold_last_value,2025-04-30,64709.0,64448.0,-261.0,-0.261,-0.40334420250660646
public_registry,wind_onshore,hold_last_value,2025-05-31,65078.0,64709.0,-369.0,-0.369,-0.5670118934202034
public_registry,wind_onshore,hold_last_value,2025-06-30,65444.0,65078.0,-366.0,-0.366,-0.5592567691461402
public_registry,wind_onshore,hold_last_value,2025-07-31,65783.0,65444.0,-339.0,-0.339,-0.5153307085417205
public_registry,wind_onshore,hold_last_value,2025-08-31,66118.0,65783.0,-335.0,-0.335,-0.5066698932212106
public_registry,wind_onshore,hold_last_value,2025-09-30,66452.0,66118.0,-334.0,-0.334,-0.5026184313489436
public_registry,wind_onshore,hold_last_value,2025-10-31,67055.0,66452.0,-603.0,-0.603,-0.8992618000149132
public_registry,wind_onshore,hold_last_value,2025-11-30,67411.0,67055.0,-356.0,-0.356,-0.5281037219444897
public_registry,wind_onshore,hold_last_value,2025-12-31,68180.0,67411.0,-769.0,-0.769,-1.127896743913171
public_registry,wind_onshore,hold_last_value,2026-01-31,68369.0,68180.0,-189.0,-0.189,-0.2764410770963448
public_registry,wind_onshore,hold_last_value,2026-02-28,68613.0,68369.0,-244.0,-0.244,-0.3556177400784108
public_registry,wind_onshore,hold_last_value,2026-03-31,69065.0,68613.0,-452.0,-0.452,-0.6544559472960254
public_registry,wind_onshore,hold_last_value,2026-04-30,69348.0,69065.0,-283.0,-0.283,-0.40808675087962165
public_registry,wind_onshore,hold_last_value,2026-05-31,69681.0,69348.0,-333.0,-0.333,-0.47789210832221124
public_registry,wind_onshore,hold_last_value,2026-06-30,70112.0,69681.0,-431.0,-0.431,-0.6147307165677773
public_registry,wind_onshore,hold_last_value,2026-07-31,70476.0,70112.0,-364.0,-0.364,-0.5164878823996821
public_registry,wind_onshore,hold_last_value,2026-08-31,70779.0,70476.0,-303.0,-0.303,-0.4280930784554741
public_registry,wind_offshore,last_increment,2015-03-31,1698.0,1667.142857142857,-30.85714285714289,-0.03085714285714289,-1.817264008076731
public_registry,wind_offshore,last_increment,2015-04-30,2045.0,1989.2903225806451,-55.709677419354875,-0.055709677419354876,-2.724189604858429
public_registry,wind_offshore,last_increment,2015-05-31,2399.0,2403.5666666666666,4.566666666666606,0.004566666666666606,0.19035709323328912
public_registry,wind_offshore,last_increment,2015-06-30,2869.0,2741.5806451612902,-127.41935483870975,-0.12741935483870975,-4.4412462474280145
public_registry,wind_offshore,last_increment,2015-07-31,3191.0,3354.6666666666665,163.66666666666652,0.16366666666666652,5.129008670218318
public_registry,wind_offshore,last_increment,2015-08-31,3314.0,3513.0,199.0,0.199,6.004828002414001
public_registry,wind_offshore,last_increment,2015-09-30,3352.0,3433.032258064516,81.0322580645161,0.0810322580645161,2.417430133189621
public_registry,wind_offshore,last_increment,2015-10-31,3382.0,3391.266666666667,9.266666666666879,0.00926666666666688,0.2739996057559692
public_registry,wind_offshore,last_increment,2015-11-30,3382.0,3411.032258064516,29.0322580645161,0.0290322580645161,0.8584345968218835
public_registry,wind_offshore,last_increment,2015-12-31,3382.0,3382.0,0.0,0.0,0.0
public_registry,wind_offshore,last_increment,2016-01-31,3382.0,3382.0,0.0,0.0,0.0
public_registry,wind_offshore,last_increment,2016-02-29,3463.0,3382.0,-81.0,-0.081,-2.3390124169794975
public_registry,wind_offshore,last_increment,2016-03-31,3488.0,3549.5862068965516,61.58620689655163,0.06158620689655163,1.7656596013919619
public_registry,wind_offshore,last_increment,2016-04-30,3488.0,3512.1935483870966,24.193548387096598,0.024193548387096597,0.693622373483274
public_registry,wind_offshore,last_increment,2016-05-31,3607.0,3488.0,-119.0,-0.119,-3.2991405600221793
public_registry,wind_offshore,last_increment,2016-06-30,3651.0,3722.1612903225805,71.1612903225805,0.07116129032258049,1.949090395030964
public_registry,wind_offshore,last_increment,2016-07-31,3933.0,3696.4666666666667,-236.5333333333333,-0.2365333333333333,-6.014068988897363
public_registry,wind_offshore,last_increment,2016-08-31,3990.0,4215.0,225.0,0.225,5.639097744360902
public_registry,wind_offshore,last_increment,2016-09-30,4053.0,4045.1612903225805,-7.8387096774195015,-0.007838709677419502,-0.19340512404193194
public_registry,wind_offshore,last_increment,2016-10-31,4137.0,4118.1,-18.899999999999636,-0.018899999999999636,-0.4568527918781638
public_registry,wind_offshore,last_increment,2016-11-30,4191.0,4218.290322580645,27.290322580644897,0.027290322580644896,0.6511649386935074
public_registry,wind_offshore,last_increment,2016-12-31,4237.0,4246.8,9.800000000000182,0.009800000000000182,0.23129572810951576
public_registry,wind_offshore,last_increment,2017-01-31,4336.0,4283.0,-53.0,-0.053,-1.2223247232472323
public_registry,wind_offshore,last_increment,2017-02-28,4399.0,4425.419354838709,26.419354838709296,0.026419354838709296,0.6005763773291497
public_registry,wind_offshore,last_increment,2017-03-31,4519.0,4468.75,-50.25,-0.05025,-1.1119716751493693
public_registry,wind_offshore,last_increment,2017-04-30,4656.0,4635.129032258064,-20.8709677419356,-0.0208709677419356,-0.4482596164505069
public_registry,wind_offshore,last_increment,2017-05-31,4831.0,4797.566666666667,-33.433333333333394,-0.03343333333333339,-0.6920582350100061
public_registry,wind_offshore,last_increment,2017-06-30,4886.0,5000.354838709677,114.3548387096771,0.1143548387096771,2.3404592449790647
public_registry,wind_offshore,last_increment,2017-07-31,4954.0,4942.833333333333,-11.16666666666697,-0.01116666666666697,-0.22540707845512656
public_registry,wind_offshore,last_increment,2017-08-31,5015.0,5022.0,7.0,0.007,0.1395812562313061
public_registry,wind_offshore,last_increment,2017-09-30,5046.0,5074.032258064516,28.0322580645161,0.028032258064516098,0.5555342462250515
public_registry,wind_offshore,last_increment,2017-10-31,5057.0,5078.033333333334,21.033333333333758,0.021033333333333758,0.41592512029530865
public_registry,wind_offshore,last_increment,2017-11-30,5360.0,5067.645161290323,-292.3548387096771,-0.2923548387096771,-5.454381319210393
public_registry,wind_offshore,last_increment,2017-12-31,5523.0,5673.1,150.10000000000036,0.15010000000000037,2.7177258736194165
public_registry,wind_offshore,last_increment,2018-01-31,5523.0,5686.0,163.0,0.163,2.9512945862755746
public_registry,wind_offshore,last_increment,2018-02-28,5523.0,5523.0,0.0,0.0,0.0
public_registry,wind_offshore,last_increment,2018-03-31,5523.0,5523.0,0.0,0.0,0.0
public_registry,wind_offshore,last_increment,2018-04-30,5523.0,5523.0,0.0,0.0,0.0
public_registry,wind_offshore,last_increment,2018-05-31,5523.0,5523.0,0.0,0.0,0.0
public_registry,wind_offshore,last_increment,2018-06-30,5523.0,5523.0,0.0,0.0,0.0
public_registry,wind_offshore,last_increment,2018-07-31,5548.0,5523.0,-25.0,-0.025,-0.45061283345349673
public_registry,wind_offshore,last_increment,2018-08-31,5740.0,5573.0,-167.0,-0.167,-2.909407665505227
public_registry,wind_offshore,last_increment,2018-09-30,6132.0,5925.806451612903,-206.1935483870966,-0.2061935483870966,-3.362582328556696
public_registry,wind_offshore,last_increment,2018-10-31,6431.0,6537.066666666667,106.0666666666666,0.1060666666666666,1.6493028559581187
public_registry,wind_offshore,last_increment,2018-11-30,6476.0,6720.354838709677,244.3548387096771,0.24435483870967709,3.773237163521882
public_registry,wind_offshore,last_increment,2018-12-31,6513.0,6522.5,9.5,0.0095,0.1458621219100261
public_registry,wind_offshore,last_increment,2019-01-31,6519.0,6550.0,31.0,0.031,0.47553305721736466
public_registry,wind_offshore,last_increment,2019-02-28,6556.0,6524.419354838709,-31.580645161290704,-0.03158064516129071,-0.4817059969690467
public_registry,wind_offshore,last_increment,2019-03-31,6630.0,6596.964285714285,-33.035714285714675,-0.033035714285714675,-0.4982762335703571
public_registry,wind_offshore,last_increment,2019-04-30,6698.0,6701.612903225807,3.6129032258068037,0.0036129032258068036,0.05394003024495078
public_registry,wind_offshore,last_increment,2019-05-31,6772.0,6768.266666666666,-3.733333333333576,-0.0037333333333335757,-0.05512896239417566
public_registry,wind_offshore,last_increment,2019-06-30,6772.0,6843.612903225807,71.6129032258068,0.07161290322580681,1.0574852809481217
public_registry,wind_offshore,last_increment,2019-07-31,6889.0,6772.0,-117.0,-0.117,-1.6983597038757439
public_registry,wind_offshore,last_increment,2019-08-31,7475.0,7006.0,-469.0,-0.469,-6.274247491638796
public_registry,wind_offshore,last_increment,2019-09-30,7549.0,8042.096774193548,493.0967741935483,0.4930967741935483,6.531948260611317
public_registry,wind_offshore,last_increment,2019-10-31,7604.0,7625.466666666666,21.466666666666242,0.021466666666666242,0.28230755742591057
public_registry,wind_offshore,last_increment,2019-11-30,7636.0,7657.225806451613,21.225806451612698,0.0212258064516127,0.27797022592473414
public_registry,wind_offshore,last_increment,2019-12-31,7655.0,7669.066666666667,14.066666666666606,0.014066666666666606,0.18375789244502425
public_registry,wind_offshore,last_increment,2020-01-31,7785.0,7674.0,-111.0,-0.111,-1.4258188824662814
public_registry,wind_offshore,last_increment,2020-02-29,7785.0,7906.612903225807,121.6129032258068,0.1216129032258068,1.562143907845945
public_registry,wind_offshore,last_increment,2020-03-31,7792.0,7785.0,-7.0,-0.007,-0.08983572895277207
public_registry,wind_offshore,last_increment,2020-04-30,7817.0,7798.774193548387,-18.225806451612698,-0.0182258064516127,-0.23315602471040936
public_registry,wind_offshore,last_increment,2020-05-31,7842.0,7842.833333333333,0.8333333333330302,0.0008333333333330301,0.010626540848419155
public_registry,wind_offshore,last_increment,2020-06-30,7868.0,7866.193548387097,-1.8064516129034018,-0.0018064516129034018,-0.02295947652393749
public_registry,wind_offshore,last_increment,2020-07-31,7874.0,7894.866666666667,20.866666666666788,0.020866666666666787,0.2650071966810616
public_registry,wind_offshore,last_increment,2020-08-31,7874.0,7880.0,6.0,0.006,0.0762001524003048
public_registry,wind_offshore,last_increment,2020-09-30,7874.0,7874.0,0.0,0.0,0.0
public_registry,wind_offshore,last_increment,2020-10-31,7874.0,7874.0,0.0,0.0,0.0
public_registry,wind_offshore,last_increment,2020-11-30,7874.0,7874.0,0.0,0.0,0.0
public_registry,wind_offshore,last_increment,2020-12-31,7874.0,7874.0,0.0,0.0,0.0
public_registry,wind_offshore,last_increment,2021-01-31,7874.0,7874.0,0.0,0.0,0.0
public_registry,wind_offshore,last_increment,2021-02-28,7874.0,7874.0,0.0,0.0,0.0
public_registry,wind_offshore,last_increment,2021-03-31,7874.0,7874.0,0.0,0.0,0.0
public_registry,wind_offshore,last_increment,2021-04-30,7874.0,7874.0,0.0,0.0,0.0
public_registry,wind_offshore,last_increment,2021-05-31,7874.0,7874.0,0.0,0.0,0.0
public_registry,wind_offshore,last_increment,2021-06-30,7874.0,7874.0,0.0,0.0,0.0
public_registry,wind_offshore,last_increment,2021-07-31,7874.0,7874.0,0.0,0.0,0.0
public_registry,wind_offshore,last_increment,2021-08-31,7874.0,7874.0,0.0,0.0,0.0
public_registry,wind_offshore,last_increment,2021-09-30,7874.0,7874.0,0.0,0.0,0.0
public_registry,wind_offshore,last_increment,2021-10-31,7874.0,7874.0,0.0,0.0,0.0
public_registry,wind_offshore,last_increment,2021-11-30,7874.0,7874.0,0.0,0.0,0.0
public_registry,wind_offshore,last_increment,2021-12-31,7874.0,7874.0,0.0,0.0,0.0
public_registry,wind_offshore,last_increment,2022-01-31,7874.0,7874.0,0.0,0.0,0.0
public_registry,wind_offshore,last_increment,2022-02-28,7874.0,7874.0,0.0,0.0,0.0
public_registry,wind_offshore,last_increment,2022-03-31,7874.0,7874.0,0.0,0.0,0.0
public_registry,wind_offshore,last_increment,2022-04-30,7874.0,7874.0,0.0,0.0,0.0
public_registry,wind_offshore,last_increment,2022-05-31,7874.0,7874.0,0.0,0.0,0.0
public_registry,wind_offshore,last_increment,2022-06-30,7874.0,7874.0,0.0,0.0,0.0
public_registry,wind_offshore,last_increment,2022-07-31,7883.0,7874.0,-9.0,-0.009,-0.11416973233540531
public_registry,wind_offshore,last_increment,2022-08-31,8045.0,7892.0,-153.0,-0.153,-1.901802361715351
public_registry,wind_offshore,last_increment,2022-09-30,8054.0,8201.774193548386,147.7741935483864,0.1477741935483864,1.834792569510633
public_registry,wind_offshore,last_increment,2022-10-31,8099.0,8063.3,-35.69999999999982,-0.035699999999999815,-0.44079515989628126
public_registry,wind_offshore,last_increment,2022-11-30,8171.0,8142.548387096775,-28.451612903225396,-0.028451612903225395,-0.3482023363508187
public_registry,wind_offshore,last_increment,2022-12-31,8216.0,8245.4,29.399999999999636,0.029399999999999635,0.35783836416747367
public_registry,wind_offshore,last_increment,2023-01-31,8254.0,8261.0,7.0,0.007,0.0848073661255149
public_registry,wind_offshore,last_increment,2023-02-28,8292.0,8288.322580645161,-3.677419354839003,-0.003677419354839003,-0.044349003314507994
public_registry,wind_offshore,last_increment,2023-03-31,8359.0,8334.07142857143,-24.92857142857065,-0.024928571428570648,-0.298224326218096
public_registry,wind_offshore,last_increment,2023-04-30,8426.0,8423.838709677419,-2.161290322581408,-0.002161290322581408,-0.02565025305698324
public_registry,wind_offshore,last_increment,2023-05-31,8445.0,8495.233333333334,50.233333333333576,0.050233333333333574,0.5948292875468748
public_registry,wind_offshore,last_increment,2023-06-30,8445.0,8463.387096774193,18.387096774193196,0.018387096774193198,0.2177276112989129
public_registry,wind_offshore,last_increment,2023-07-31,8445.0,8445.0,0.0,0.0,0.0
public_registry,wind_offshore,last_increment,2023-08-31,8445.0,8445.0,0.0,0.0,0.0
public_registry,wind_offshore,last_increment,2023-09-30,8445.0,8445.0,0.0,0.0,0.0
public_registry,wind_offshore,last_increment,2023-10-31,8445.0,8445.0,0.0,0.0,0.0
public_registry,wind_offshore,last_increment,2023-11-30,8473.0,8445.0,-28.0,-0.028,-0.3304614658326449
public_registry,wind_offshore,last_increment,2023-12-31,8473.0,8501.933333333332,28.933333333332484,0.028933333333332485,0.34147684802705636
public_registry,wind_offshore,last_increment,2024-01-31,8473.0,8473.0,0.0,0.0,0.0
public_registry,wind_offshore,last_increment,2024-02-29,8473.0,8473.0,0.0,0.0,0.0
public_registry,wind_offshore,last_increment,2024-03-31,8473.0,8473.0,0.0,0.0,0.0
public_registry,wind_offshore,last_increment,2024-04-30,8473.0,8473.0,0.0,0.0,0.0
public_registry,wind_offshore,last_increment,2024-05-31,8695.0,8473.0,-222.0,-0.222,-2.553191489361702
public_registry,wind_offshore,last_increment,2024-06-30,8851.0,8909.838709677419,58.83870967741859,0.05883870967741859,0.6647690619977245
public_registry,wind_offshore,last_increment,2024-07-31,9040.0,9012.2,-27.799999999999272,-0.027799999999999273,-0.30752212389379724
public_registry,wind_offshore,last_increment,2024-08-31,9127.0,9229.0,102.0,0.102,1.1175632738030021
public_registry,wind_offshore,last_increment,2024-09-30,9215.0,9211.193548387097,-3.806451612903402,-0.003806451612903402,-0.04130712547914706
public_registry,wind_offshore,last_increment,2024-10-31,9215.0,9305.933333333332,90.93333333333248,0.09093333333333248,0.9867968891300323
public_registry,wind_offshore,last_increment,2024-11-30,9215.0,9215.0,0.0,0.0,0.0
public_registry,wind_offshore,last_increment,2024-12-31,9215.0,9215.0,0.0,0.0,0.0
public_registry,wind_offshore,last_increment,2025-01-31,9215.0,9215.0,0.0,0.0,0.0
public_registry,wind_offshore,last_increment,2025-02-28,9215.0,9215.0,0.0,0.0,0.0
public_registry,wind_offshore,last_increment,2025-03-31,9215.0,9215.0,0.0,0.0,0.0
public_registry,wind_offshore,last_increment,2025-04-30,9215.0,9215.0,0.0,0.0,0.0
public_registry,wind_offshore,last_increment,2025-05-31,9215.0,9215.0,0.0,0.0,0.0
public_registry,wind_offshore,last_increment,2025-06-30,9215.0,9215.0,0.0,0.0,0.0
public_registry,wind_offshore,last_increment,2025-07-31,9215.0,9215.0,0.0,0.0,0.0
public_registry,wind_offshore,last_increment,2025-08-31,9215.0,9215.0,0.0,0.0,0.0
public_registry,wind_offshore,last_increment,2025-09-30,9215.0,9215.0,0.0,0.0,0.0
public_registry,wind_offshore,last_increment,2025-10-31,9215.0,9215.0,0.0,0.0,0.0
public_registry,wind_offshore,last_increment,2025-11-30,9230.0,9215.0,-15.0,-0.015,-0.16251354279523295
public_registry,wind_offshore,last_increment,2025-12-31,9733.0,9245.5,-487.5,-0.4875,-5.008733175793691
public_registry,wind_offshore,last_increment,2026-01-31,9904.0,10236.0,332.0,0.332,3.3521809369951536
public_registry,wind_offshore,last_increment,2026-02-28,10019.0,10058.451612903225,39.451612903225396,0.039451612903225394,0.39376796988946394
public_registry,wind_offshore,last_increment,2026-03-31,10201.0,10146.32142857143,-54.67857142857065,-0.054678571428570646,-0.5360118755864195
public_registry,wind_offshore,last_increment,2026-04-30,10404.0,10377.129032258064,-26.8709677419356,-0.026870967741935602,-0.2582753531520146
public_registry,wind_offshore,last_increment,2026-05-31,10616.0,10613.766666666666,-2.233333333333576,-0.0022333333333335757,-0.021037427781966617
public_registry,wind_offshore,last_increment,2026-06-30,10811.0,10821.161290322581,10.161290322581408,0.010161290322581408,0.09399029065379158
public_registry,wind_offshore,last_increment,2026-07-31,10927.0,11012.5,85.5,0.0855,0.7824654525487325
public_registry,wind_offshore,last_increment,2026-08-31,10969.0,11043.0,74.0,0.074,0.6746284984957608
public_registry,wind_offshore,mean_last_three_increments,2015-05-31,2399.0,2354.9031746031746,-44.09682539682535,-0.04409682539682535,-1.8381336138735036
public_registry,wind_offshore,mean_last_three_increments,2015-06-30,2869.0,2725.956989247312,-143.04301075268813,-0.14304301075268813,-4.98581424721813
public_registry,wind_offshore,mean_last_three_increments,2015-07-31,3191.0,3268.411111111111,77.41111111111104,0.07741111111111104,2.4259201225669393
public_registry,wind_offshore,mean_last_three_increments,2015-08-31,3314.0,3578.222222222222,264.2222222222222,0.2642222222222222,7.972909542010324
public_registry,wind_offshore,mean_last_three_increments,2015-09-30,3352.0,3614.2150537634407,262.21505376344066,0.2622150537634407,7.822644802011953
public_registry,wind_offshore,mean_last_three_increments,2015-10-31,3382.0,3513.4222222222224,131.42222222222244,0.13142222222222244,3.8859320586109534
public_registry,wind_offshore,mean_last_three_increments,2015-11-30,3382.0,3444.021505376344,62.02150537634407,0.062021505376344065,1.8338706498031951
public_registry,wind_offshore,mean_last_three_increments,2015-12-31,3382.0,3405.088888888889,23.08888888888896,0.02308888888888896,0.6826992575070656
public_registry,wind_offshore,mean_last_three_increments,2016-01-31,3382.0,3392.0,10.0,0.01,0.29568302779420463
public_registry,wind_offshore,mean_last_three_increments,2016-02-29,3463.0,3382.0,-81.0,-0.081,-2.3390124169794975
public_registry,wind_offshore,mean_last_three_increments,2016-03-31,3488.0,3491.862068965517,3.86206896551721,0.00386206896551721,0.11072445428661727
public_registry,wind_offshore,mean_last_three_increments,2016-04-30,3488.0,3523.995550611791,35.995550611790804,0.03599555061179081,1.0319825290077638
public_registry,wind_offshore,mean_last_three_increments,2016-05-31,3607.0,3525.1954022988507,-81.8045977011493,-0.08180459770114931,-2.2679400527072167
public_registry,wind_offshore,mean_last_three_increments,2016-06-30,3651.0,3653.451612903226,2.4516129032258505,0.0024516129032258506,0.06714907979254589
public_registry,wind_offshore,mean_last_three_increments,2016-07-31,3933.0,3705.822222222222,-227.17777777777792,-0.22717777777777792,-5.776195722801371
public_registry,wind_offshore,mean_last_three_increments,2016-08-31,3990.0,4081.822222222222,91.82222222222208,0.09182222222222208,2.3013088276246134
public_registry,wind_offshore,mean_last_three_increments,2016-09-30,4053.0,4114.021505376344,61.02150537634407,0.061021505376344064,1.5055885856487556
public_registry,wind_offshore,mean_last_three_increments,2016-10-31,4137.0,4187.7,50.69999999999982,0.050699999999999815,1.2255257432922364
public_registry,wind_offshore,mean_last_three_increments,2016-11-30,4191.0,4203.4838709677415,12.483870967741495,0.012483870967741496,0.2978733230193628
public_registry,wind_offshore,mean_last_three_increments,2016-12-31,4237.0,4259.3,22.300000000000182,0.02230000000000018,0.5263157894736885
public_registry,wind_offshore,mean_last_three_increments,2017-01-31,4336.0,4298.933333333333,-37.066666666666606,-0.03706666666666661,-0.8548585485854845
public_registry,wind_offshore,mean_last_three_increments,2017-02-28,4399.0,4396.455913978494,-2.544086021505791,-0.002544086021505791,-0.05783328077985431
public_registry,wind_offshore,mean_last_three_increments,2017-03-31,4519.0,4470.583333333333,-48.41666666666697,-0.04841666666666697,-1.0714022276314885
public_registry,wind_offshore,mean_last_three_increments,2017-04-30,4656.0,4612.145161290323,-43.8548387096771,-0.043854838709677095,-0.9418994568229616
public_registry,wind_offshore,mean_last_three_increments,2017-05-31,4831.0,4766.438888888889,-64.56111111111113,-0.06456111111111112,-1.336392281331218
public_registry,wind_offshore,mean_last_three_increments,2017-06-30,4886.0,4971.8279569892475,85.82795698924747,0.08582795698924747,1.7566098442334726
public_registry,wind_offshore,mean_last_three_increments,2017-07-31,4954.0,5010.466666666666,56.46666666666624,0.05646666666666624,1.1398196743372273
public_registry,wind_offshore,mean_last_three_increments,2017-08-31,5015.0,5053.944444444444,38.94444444444434,0.038944444444444344,0.7765592112551215
public_registry,wind_offshore,mean_last_three_increments,2017-09-30,5046.0,5074.94623655914,28.946236559139834,0.028946236559139835,0.5736471771529892
public_registry,wind_offshore,mean_last_three_increments,2017-10-31,5057.0,5099.677777777778,42.67777777777792,0.04267777777777792,0.8439346999758339
public_registry,wind_offshore,mean_last_three_increments,2017-11-30,5360.0,5090.559139784947,-269.44086021505336,-0.26944086021505337,-5.0268817204301
public_registry,wind_offshore,mean_last_three_increments,2017-12-31,5523.0,5478.711111111111,-44.28888888888923,-0.04428888888888923,-0.8018991288953328
public_registry,wind_offshore,mean_last_three_increments,2018-01-31,5523.0,5685.366666666667,162.3666666666668,0.1623666666666668,2.9398273884965924
public_registry,wind_offshore,mean_last_three_increments,2018-02-28,5523.0,5666.341935483871,143.34193548387066,0.14334193548387067,2.5953636698147866
public_registry,wind_offshore,mean_last_three_increments,2018-03-31,5523.0,5577.333333333333,54.33333333333303,0.05433333333333303,0.9837648620918528
public_registry,wind_offshore,mean_last_three_increments,2018-04-30,5523.0,5523.0,0.0,0.0,0.0
public_registry,wind_offshore,mean_last_three_increments,2018-05-31,5523.0,5523.0,0.0,0.0,0.0
public_registry,wind_offshore,mean_last_three_increments,2018-06-30,5523.0,5523.0,0.0,0.0,0.0
public_registry,wind_offshore,mean_last_three_increments,2018-07-31,5548.0,5523.0,-25.0,-0.025,-0.45061283345349673
public_registry,wind_offshore,mean_last_three_increments,2018-08-31,5740.0,5556.333333333333,-183.66666666666697,-0.18366666666666698,-3.1997677119628394
public_registry,wind_offshore,mean_last_three_increments,2018-09-30,6132.0,5810.0,-322.0,-0.322,-5.251141552511415
public_registry,wind_offshore,mean_last_three_increments,2018-10-31,6431.0,6339.355555555556,-91.64444444444416,-0.09164444444444417,-1.4250418977522028
public_registry,wind_offshore,mean_last_three_increments,2018-11-30,6476.0,6720.05376344086,244.05376344086017,0.24405376344086016,3.768588070427118
public_registry,wind_offshore,mean_last_three_increments,2018-12-31,6513.0,6726.188888888889,213.18888888888887,0.21318888888888887,3.273282494839381
public_registry,wind_offshore,mean_last_three_increments,2019-01-31,6519.0,6640.5,121.5,0.1215,1.863782788771284
public_registry,wind_offshore,mean_last_three_increments,2019-02-28,6556.0,6545.94623655914,-10.053763440860166,-0.010053763440860166,-0.15335209641336434
public_registry,wind_offshore,mean_last_three_increments,2019-03-31,6630.0,6583.988095238095,-46.01190476190459,-0.04601190476190459,-0.6939955469367207
public_registry,wind_offshore,mean_last_three_increments,2019-04-30,6698.0,6669.020737327189,-28.979262672811274,-0.028979262672811274,-0.4326554594328348
public_registry,wind_offshore,mean_last_three_increments,2019-05-31,6772.0,6759.743650793651,-12.256349206349114,-0.012256349206349115,-0.18098566459464138
public_registry,wind_offshore,mean_last_three_increments,2019-06-30,6772.0,6842.408602150537,70.40860215053726,0.07040860215053726,1.0397017446919266
public_registry,wind_offshore,mean_last_three_increments,2019-07-31,6889.0,6820.0888888888885,-68.9111111111115,-0.06891111111111149,-1.0003064466702205
public_registry,wind_offshore,mean_last_three_increments,2019-08-31,7475.0,6952.666666666667,-522.333333333333,-0.522333333333333,-6.987736900780376
public_registry,wind_offshore,mean_last_three_increments,2019-09-30,7549.0,7701.774193548387,152.7741935483873,0.1527741935483873,2.0237673009456523
public_registry,wind_offshore,mean_last_three_increments,2019-10-31,7604.0,7808.822222222222,204.82222222222208,0.20482222222222207,2.6936115494768815
public_registry,wind_offshore,mean_last_three_increments,2019-11-30,7636.0,7835.440860215053,199.44086021505336,0.19944086021505336,2.611849924241139
public_registry,wind_offshore,mean_last_three_increments,2019-12-31,7655.0,7690.844444444445,35.84444444444489,0.03584444444444489,0.46824878438203643
public_registry,wind_offshore,mean_last_three_increments,2020-01-31,7785.0,7690.688888888889,-94.31111111111113,-0.09431111111111114,-1.2114465139513313
public_registry,wind_offshore,mean_last_three_increments,2020-02-29,7785.0,7841.773476702509,56.77347670250856,0.05677347670250856,0.7292675234747407
public_registry,wind_offshore,mean_last_three_increments,2020-03-31,7792.0,7834.666666666667,42.66666666666697,0.04266666666666697,0.5475701574264241
public_registry,wind_offshore,mean_last_three_increments,2020-04-30,7817.0,7836.193548387097,19.193548387096598,0.0191935483870966,0.24553599062423687
public_registry,wind_offshore,mean_last_three_increments,2020-05-31,7842.0,7827.944444444444,-14.055555555555657,-0.014055555555555656,-0.17923432231006958
public_registry,wind_offshore,mean_last_three_increments,2020-06-30,7868.0,7860.655913978495,-7.344086021505063,-0.007344086021505063,-0.09334120515385184
public_registry,wind_offshore,mean_last_three_increments,2020-07-31,7874.0,7893.9,19.899999999999636,0.019899999999999637,0.2527305054610063
public_registry,wind_offshore,mean_last_three_increments,2020-08-31,7874.0,7893.288888888889,19.288888888889232,0.019288888888889234,0.24496937882765088
public_registry,wind_offshore,mean_last_three_increments,2020-09-30,7874.0,7884.602150537635,10.60215053763477,0.010602150537634771,0.13464758112312383
public_registry,wind_offshore,mean_last_three_increments,2020-10-31,7874.0,7876.0,2.0,0.002,0.025400050800101596
public_registry,wind_offshore,mean_last_three_increments,2020-11-30,7874.0,7874.0,0.0,0.0,0.0
public_registry,wind_offshore,mean_last_three_increments,2020-12-31,7874.0,7874.0,0.0,0.0,0.0
public_registry,wind_offshore,mean_last_three_increments,2021-01-31,7874.0,7874.0,0.0,0.0,0.0
public_registry,wind_offshore,mean_last_three_increments,2021-02-28,7874.0,7874.0,0.0,0.0,0.0
public_registry,wind_offshore,mean_last_three_increments,2021-03-31,7874.0,7874.0,0.0,0.0,0.0
public_registry,wind_offshore,mean_last_three_increments,2021-04-30,7874.0,7874.0,0.0,0.0,0.0
public_registry,wind_offshore,mean_last_three_increments,2021-05-31,7874.0,7874.0,0.0,0.0,0.0
public_registry,wind_offshore,mean_last_three_increments,2021-06-30,7874.0,7874.0,0.0,0.0,0.0
public_registry,wind_offshore,mean_last_three_increments,2021-07-31,7874.0,7874.0,0.0,0.0,0.0
public_registry,wind_offshore,mean_last_three_increments,2021-08-31,7874.0,7874.0,0.0,0.0,0.0
public_registry,wind_offshore,mean_last_three_increments,2021-09-30,7874.0,7874.0,0.0,0.0,0.0
public_registry,wind_offshore,mean_last_three_increments,2021-10-31,7874.0,7874.0,0.0,0.0,0.0
public_registry,wind_offshore,mean_last_three_increments,2021-11-30,7874.0,7874.0,0.0,0.0,0.0
public_registry,wind_offshore,mean_last_three_increments,2021-12-31,7874.0,7874.0,0.0,0.0,0.0
public_registry,wind_offshore,mean_last_three_increments,2022-01-31,7874.0,7874.0,0.0,0.0,0.0
public_registry,wind_offshore,mean_last_three_increments,2022-02-28,7874.0,7874.0,0.0,0.0,0.0
public_registry,wind_offshore,mean_last_three_increments,2022-03-31,7874.0,7874.0,0.0,0.0,0.0
public_registry,wind_offshore,mean_last_three_increments,2022-04-30,7874.0,7874.0,0.0,0.0,0.0
public_registry,wind_offshore,mean_last_three_increments,2022-05-31,7874.0,7874.0,0.0,0.0,0.0
public_registry,wind_offshore,mean_last_three_increments,2022-06-30,7874.0,7874.0,0.0,0.0,0.0
public_registry,wind_offshore,mean_last_three_increments,2022-07-31,7883.0,7874.0,-9.0,-0.009,-0.11416973233540531
public_registry,wind_offshore,mean_last_three_increments,2022-08-31,8045.0,7886.0,-159.0,-0.159,-1.9763828464885023
public_registry,wind_offshore,mean_last_three_increments,2022-09-30,8054.0,8100.1612903225805,46.1612903225805,0.0461612903225805,0.5731473841889806
public_registry,wind_offshore,mean_last_three_increments,2022-10-31,8099.0,8114.1,15.100000000000364,0.015100000000000363,0.18644277071243812
public_registry,wind_offshore,mean_last_three_increments,2022-11-30,8171.0,8168.774193548387,-2.225806451612698,-0.002225806451612698,-0.02724031883016397
public_registry,wind_offshore,mean_last_three_increments,2022-12-31,8216.0,8213.9,-2.100000000000364,-0.0021000000000003637,-0.02555988315482429
public_registry,wind_offshore,mean_last_three_increments,2023-01-31,8254.0,8270.8,16.799999999999272,0.016799999999999274,0.20353767870122694
public_registry,wind_offshore,mean_last_three_increments,2023-02-28,8292.0,8301.389247311829,9.389247311828512,0.009389247311828513,0.11323260144510988
public_registry,wind_offshore,mean_last_three_increments,2023-03-31,8359.0,8333.690476190477,-25.309523809522943,-0.025309523809522942,-0.3027817180227652
public_registry,wind_offshore,mean_last_three_increments,2023-04-30,8426.0,8406.442396313365,-19.557603686635048,-0.019557603686635047,-0.23211017904860012
public_registry,wind_offshore,mean_last_three_increments,2023-05-31,8445.0,8485.43492063492,40.43492063491976,0.04043492063491976,0.47880308626311147
public_registry,wind_offshore,mean_last_three_increments,2023-06-30,8445.0,8495.075268817205,50.07526881720514,0.05007526881720514,0.592957594046242
public_registry,wind_offshore,mean_last_three_increments,2023-07-31,8445.0,8474.41111111111,29.411111111110586,0.029411111111110586,0.3482665614104273
public_registry,wind_offshore,mean_last_three_increments,2023-08-31,8445.0,8451.333333333334,6.33333333333394,0.0063333333333339395,0.07499506611407862
public_registry,wind_offshore,mean_last_three_increments,2023-09-30,8445.0,8445.0,0.0,0.0,0.0
public_registry,wind_offshore,mean_last_three_increments,2023-10-31,8445.0,8445.0,0.0,0.0,0.0
public_registry,wind_offshore,mean_last_three_increments,2023-11-30,8473.0,8445.0,-28.0,-0.028,-0.3304614658326449
public_registry,wind_offshore,mean_last_three_increments,2023-12-31,8473.0,8482.644444444444,9.644444444444161,0.009644444444444162,0.11382561600901879
public_registry,wind_offshore,mean_last_three_increments,2024-01-31,8473.0,8482.644444444444,9.644444444444161,0.009644444444444162,0.11382561600901879
public_registry,wind_offshore,mean_last_three_increments,2024-02-29,8473.0,8482.022222222222,9.022222222221899,0.009022222222221899,0.10648202787940397
public_registry,wind_offshore,mean_last_three_increments,2024-03-31,8473.0,8473.0,0.0,0.0,0.0
public_registry,wind_offshore,mean_last_three_increments,2024-04-30,8473.0,8473.0,0.0,0.0,0.0
public_registry,wind_offshore,mean_last_three_increments,2024-05-31,8695.0,8473.0,-222.0,-0.222,-2.553191489361702
public_registry,wind_offshore,mean_last_three_increments,2024-06-30,8851.0,8766.612903225807,-84.3870967741932,-0.08438709677419319,-0.9534187862862185
public_registry,wind_offshore,mean_last_three_increments,2024-07-31,9040.0,8978.733333333334,-61.266666666666424,-0.06126666666666642,-0.6777286135693189
public_registry,wind_offshore,mean_last_three_increments,2024-08-31,9127.0,9230.733333333334,103.73333333333358,0.10373333333333358,1.136554545122533
public_registry,wind_offshore,mean_last_three_increments,2024-09-30,9215.0,9268.032258064517,53.03225806451701,0.05303225806451701,0.5754992736247099
public_registry,wind_offshore,mean_last_three_increments,2024-10-31,9215.0,9337.31111111111,122.31111111111022,0.12231111111111022,1.3273045155844843
public_registry,wind_offshore,mean_last_three_increments,2024-11-30,9215.0,9272.397849462366,57.39784946236614,0.05739784946236614,0.6228741124510704
public_registry,wind_offshore,mean_last_three_increments,2024-12-31,9215.0,9245.31111111111,30.311111111110222,0.030311111111110223,0.3289322963766709
public_registry,wind_offshore,mean_last_three_increments,2025-01-31,9215.0,9215.0,0.0,0.0,0.0
public_registry,wind_offshore,mean_last_three_increments,2025-02-28,9215.0,9215.0,0.0,0.0,0.0
public_registry,wind_offshore,mean_last_three_increments,2025-03-31,9215.0,9215.0,0.0,0.0,0.0
public_registry,wind_offshore,mean_last_three_increments,2025-04-30,9215.0,9215.0,0.0,0.0,0.0
public_registry,wind_offshore,mean_last_three_increments,2025-05-31,9215.0,9215.0,0.0,0.0,0.0
public_registry,wind_offshore,mean_last_three_increments,2025-06-30,9215.0,9215.0,0.0,0.0,0.0
public_registry,wind_offshore,mean_last_three_increments,2025-07-31,9215.0,9215.0,0.0,0.0,0.0
public_registry,wind_offshore,mean_last_three_increments,2025-08-31,9215.0,9215.0,0.0,0.0,0.0
public_registry,wind_offshore,mean_last_three_increments,2025-09-30,9215.0,9215.0,0.0,0.0,0.0
public_registry,wind_offshore,mean_last_three_increments,2025-10-31,9215.0,9215.0,0.0,0.0,0.0
public_registry,wind_offshore,mean_last_three_increments,2025-11-30,9230.0,9215.0,-15.0,-0.015,-0.16251354279523295
public_registry,wind_offshore,mean_last_three_increments,2025-12-31,9733.0,9235.166666666666,-497.83333333333394,-0.49783333333333396,-5.114901195246419
public_registry,wind_offshore,mean_last_three_increments,2026-01-31,9904.0,9905.833333333334,1.8333333333339397,0.0018333333333339396,0.01851103931072233
public_registry,wind_offshore,mean_last_three_increments,2026-02-28,10019.0,10111.591397849463,92.59139784946274,0.09259139784946274,0.9241580781461497
public_registry,wind_offshore,mean_last_three_increments,2026-03-31,10201.0,10286.107142857143,85.10714285714312,0.08510714285714312,0.8343019591916785
public_registry,wind_offshore,mean_last_three_increments,2026-04-30,10404.0,10355.942396313363,-48.05760368663687,-0.04805760368663687,-0.46191468364702876
public_registry,wind_offshore,mean_last_three_increments,2026-05-31,10616.0,10577.029365079365,-38.97063492063535,-0.03897063492063535,-0.36709339601201346
public_registry,wind_offshore,mean_last_three_increments,2026-06-30,10811.0,10810.763440860215,-0.2365591397847311,-0.00023655913978473108,-0.002188133750668126
public_registry,wind_offshore,mean_last_three_increments,2026-07-31,10927.0,11018.755555555555,91.75555555555547,0.09175555555555548,0.839714062007463
public_registry,wind_offshore,mean_last_three_increments,2026-08-31,10969.0,11103.5,134.5,0.1345,1.2261828790227003
public_registry,wind_offshore,linear_regression_last_three,2015-04-30,2045.0,1975.3708381171195,-69.62916188288045,-0.06962916188288046,-3.404848991827895
public_registry,wind_offshore,linear_regression_last_three,2015-05-31,2399.0,2374.154245789984,-24.84575421001591,-0.024845754210015912,-1.0356712884541854
public_registry,wind_offshore,linear_regression_last_three,2015-06-30,2869.0,2743.7420279469516,-125.25797205304843,-0.12525797205304842,-4.36591049330946
public_registry,wind_offshore,linear_regression_last_three,2015-07-31,3191.0,3287.3944822644626,96.39448226446257,0.09639448226446257,3.0208236372442046
public_registry,wind_offshore,linear_regression_last_three,2015-08-31,3314.0,3593.044786814795,279.04478681479486,0.2790447868147949,8.420180652226762
public_registry,wind_offshore,linear_regression_last_three,2015-09-30,3352.0,3529.3225806451956,177.32258064519556,0.17732258064519557,5.290053121873376
public_registry,wind_offshore,linear_regression_last_three,2015-10-31,3382.0,3434.0483697599448,52.04836975994476,0.052048369759944764,1.5389819562372786
public_registry,wind_offshore,linear_regression_last_three,2015-11-30,3382.0,3415.418129702615,33.418129702614806,0.033418129702614804,0.9881173773688589
public_registry,wind_offshore,linear_regression_last_three,2015-12-31,3382.0,3397.3278394840563,15.327839484056312,0.015327839484056312,0.45321819881893294
public_registry,wind_offshore,linear_regression_last_three,2016-01-31,3382.0,3382.0000000000005,4.547473508864641e-13,4.547473508864641e-16,1.344610735915033e-14
public_registry,wind_offshore,linear_regression_last_three,2016-02-29,3463.0,3381.9999999999995,-81.00000000000045,-0.08100000000000046,-2.339012416979511
public_registry,wind_offshore,linear_regression_last_three,2016-03-31,3488.0,3504.369677897078,16.369677897077963,0.016369677897077963,0.46931415989329023
public_registry,wind_offshore,linear_regression_last_three,2016-04-30,3488.0,3540.6693817104774,52.66938171047741,0.05266938171047741,1.5100166774792836
public_registry,wind_offshore,linear_regression_last_three,2016-05-31,3607.0,3500.773199570048,-106.22680042995216,-0.10622680042995217,-2.945018032435602
public_registry,wind_offshore,linear_regression_last_three,2016-06-30,3651.0,3665.8391257613857,14.83912576138573,0.01483912576138573,0.4064400372880233
public_registry,wind_offshore,linear_regression_last_three,2016-07-31,3933.0,3734.0369043353644,-198.9630956646356,-0.1989630956646356,-5.05881250100777
public_registry,wind_offshore,linear_regression_last_three,2016-08-31,3990.0,4099.31816553209,109.31816553208955,0.10931816553208955,2.7398036474207905
public_registry,wind_offshore,linear_regression_last_three,2016-09-30,4053.0,4154.032258064512,101.03225806451155,0.10103225806451155,2.4927771543180746
public_registry,wind_offshore,linear_regression_last_three,2016-10-31,4137.0,4113.9614833393025,-23.038516660697496,-0.023038516660697495,-0.5568894527603939
public_registry,wind_offshore,linear_regression_last_three,2016-11-30,4191.0,4209.345037620925,18.345037620924813,0.018345037620924813,0.4377245912890674
public_registry,wind_offshore,linear_regression_last_three,2016-12-31,4237.0,4261.20816911501,24.208169115009696,0.024208169115009694,0.5713516430259546
public_registry,wind_offshore,linear_regression_last_three,2017-01-31,4336.0,4287.792905768539,-48.20709423146127,-0.04820709423146127,-1.1117872285853614
public_registry,wind_offshore,linear_regression_last_three,2017-02-28,4399.0,4401.483870967751,2.4838709677505904,0.00248387096775059,0.056464445731997964
public_registry,wind_offshore,linear_regression_last_three,2017-03-31,4519.0,4484.365671641801,-34.63432835819913,-0.03463432835819913,-0.7664157636246764
public_registry,wind_offshore,linear_regression_last_three,2017-04-30,4656.0,4612.461538461538,-43.53846153846189,-0.04353846153846189,-0.9351044144858652
public_registry,wind_offshore,linear_regression_last_three,2017-05-31,4831.0,4786.5476531709055,-44.452346829094495,-0.0444523468290945,-0.9201479368473295
public_registry,wind_offshore,linear_regression_last_three,2017-06-30,4886.0,4984.53099247582,98.53099247582031,0.09853099247582031,2.0165982905407347
public_registry,wind_offshore,linear_regression_last_three,2017-07-31,4954.0,5003.207989967754,49.20798996775375,0.049207989967753746,0.9932981422639029
public_registry,wind_offshore,linear_regression_last_three,2017-08-31,5015.0,5016.538695807956,1.5386958079561737,0.0015386958079561736,0.03068187054748103
public_registry,wind_offshore,linear_regression_last_three,2017-09-30,5046.0,5077.41935483871,31.419354838710206,0.03141935483871021,0.6226586373109434
public_registry,wind_offshore,linear_regression_last_three,2017-10-31,5057.0,5092.833213901824,35.83321390182391,0.03583321390182391,0.7085863931545167
public_registry,wind_offshore,linear_regression_last_three,2017-11-30,5360.0,5077.600143317807,-282.3998566821929,-0.28239985668219286,-5.268654042578225
public_registry,wind_offshore,linear_regression_last_three,2017-12-31,5523.0,5518.748656395524,-4.251343604475551,-0.004251343604475551,-0.07697525990359498
public_registry,wind_offshore,linear_regression_last_three,2018-01-31,5523.0,5759.4097097814065,236.4097097814065,0.2364097097814065,4.280458261477575
public_registry,wind_offshore,linear_regression_last_three,2018-02-28,5523.0,5596.6129032258095,73.61290322580953,0.07361290322580953,1.3328427163825736
public_registry,wind_offshore,linear_regression_last_three,2018-03-31,5523.0,5523.000000000001,9.094947017729282e-13,9.094947017729283e-16,1.6467403617108965e-14
public_registry,wind_offshore,linear_regression_last_three,2018-04-30,5523.0,5523.0,0.0,0.0,0.0
public_registry,wind_offshore,linear_regression_last_three,2018-05-31,5523.0,5523.0,0.0,0.0,0.0
public_registry,wind_offshore,linear_regression_last_three,2018-06-30,5523.0,5523.000000000001,9.094947017729282e-13,9.094947017729283e-16,1.6467403617108965e-14
public_registry,wind_offshore,linear_regression_last_three,2018-07-31,5548.0,5523.0,-25.0,-0.025,-0.45061283345349673
public_registry,wind_offshore,linear_regression_last_three,2018-08-31,5740.0,5560.773199570049,-179.22680042995125,-0.17922680042995126,-3.122418125957339
public_registry,wind_offshore,linear_regression_last_three,2018-09-30,6132.0,5844.999999999996,-287.00000000000364,-0.28700000000000364,-4.680365296803712
public_registry,wind_offshore,linear_regression_last_three,2018-10-31,6431.0,6428.204944464342,-2.795055535658321,-0.002795055535658321,-0.04346222260392351
public_registry,wind_offshore,linear_regression_last_three,2018-11-30,6476.0,6770.555714797627,294.55571479762693,0.29455571479762693,4.548420549685407
public_registry,wind_offshore,linear_regression_last_three,2018-12-31,6513.0,6651.509315657475,138.50931565747487,0.13850931565747487,2.126659230116304
public_registry,wind_offshore,linear_regression_last_three,2019-01-31,6519.0,6554.646184163383,35.64618416338271,0.035646184163382715,0.5468044817208577
public_registry,wind_offshore,linear_regression_last_three,2019-02-28,6556.0,6538.41935483871,-17.580645161289794,-0.017580645161289793,-0.2681611525517052
public_registry,wind_offshore,linear_regression_last_three,2019-03-31,6630.0,6578.2979334098745,-51.70206659012547,-0.05170206659012547,-0.7798200089008367
public_registry,wind_offshore,linear_regression_last_three,2019-04-30,6698.0,6686.710677382321,-11.289322617679318,-0.011289322617679318,-0.16854766523856848
public_registry,wind_offshore,linear_regression_last_three,2019-05-31,6772.0,6770.174131135807,-1.825868864192671,-0.001825868864192671,-0.02696203284395557
public_registry,wind_offshore,linear_regression_last_three,2019-06-30,6772.0,6841.845933357223,69.84593335722275,0.06984593335722275,1.0313929910989774
public_registry,wind_offshore,linear_regression_last_three,2019-07-31,6889.0,6809.808670727338,-79.19132927266219,-0.07919132927266219,-1.1495330131029495
public_registry,wind_offshore,linear_regression_last_three,2019-08-31,7475.0,6948.778573987813,-526.2214260121873,-0.5262214260121872,-7.039751518557689
public_registry,wind_offshore,linear_regression_last_three,2019-09-30,7549.0,7815.161290322493,266.1612903224932,0.2661612903224932,3.5257820946150904
public_registry,wind_offshore,linear_regression_last_three,2019-10-31,7604.0,7885.801504836964,281.80150483696434,0.28180150483696437,3.7059640299442966
public_registry,wind_offshore,linear_regression_last_three,2019-11-30,7636.0,7667.3858831960015,31.385883196001487,0.03138588319600149,0.41102518590887227
public_registry,wind_offshore,linear_regression_last_three,2019-12-31,7655.0,7680.2730204227855,25.27302042278552,0.025273020422785522,0.3301504953988964
public_registry,wind_offshore,linear_regression_last_three,2020-01-31,7785.0,7680.879613041919,-104.12038695808133,-0.10412038695808133,-1.337448772743498
public_registry,wind_offshore,linear_regression_last_three,2020-02-29,7785.0,7854.693548387088,69.69354838708841,0.06969354838708841,0.8952286241116045
public_registry,wind_offshore,linear_regression_last_three,2020-03-31,7792.0,7852.887819326173,60.887819326172576,0.06088781932617258,0.7814145190730567
public_registry,wind_offshore,linear_regression_last_three,2020-04-30,7817.0,7795.537578674566,-21.462421325433752,-0.021462421325433752,-0.27456084591830304
public_registry,wind_offshore,linear_regression_last_three,2020-05-31,7842.0,7833.210856323896,-8.789143676103777,-0.008789143676103776,-0.11207783315613079
public_registry,wind_offshore,linear_regression_last_three,2020-06-30,7868.0,7866.587961304194,-1.412038695805677,-0.001412038695805677,-0.017946602641149934
public_registry,wind_offshore,linear_regression_last_three,2020-07-31,7874.0,7893.9129344321045,19.91293443210452,0.019912934432104522,0.2528947730772736
public_registry,wind_offshore,linear_regression_last_three,2020-08-31,7874.0,7890.205302758867,16.20530275886722,0.01620530275886722,0.205807756653127
public_registry,wind_offshore,linear_regression_last_three,2020-09-30,7874.0,7876.903225806451,2.9032258064507914,0.0029032258064507913,0.03687104148400802
public_registry,wind_offshore,linear_regression_last_three,2020-10-31,7874.0,7874.000000000001,9.094947017729282e-13,9.094947017729283e-16,1.1550605813727814e-14
public_registry,wind_offshore,linear_regression_last_three,2020-11-30,7874.0,7874.000000000001,9.094947017729282e-13,9.094947017729283e-16,1.1550605813727814e-14
public_registry,wind_offshore,linear_regression_last_three,2020-12-31,7874.0,7874.000000000001,9.094947017729282e-13,9.094947017729283e-16,1.1550605813727814e-14
public_registry,wind_offshore,linear_regression_last_three,2021-01-31,7874.0,7874.000000000001,9.094947017729282e-13,9.094947017729283e-16,1.1550605813727814e-14
public_registry,wind_offshore,linear_regression_last_three,2021-02-28,7874.0,7874.0,0.0,0.0,0.0
public_registry,wind_offshore,linear_regression_last_three,2021-03-31,7874.0,7873.999999999999,-9.094947017729282e-13,-9.094947017729283e-16,-1.1550605813727814e-14
public_registry,wind_offshore,linear_regression_last_three,2021-04-30,7874.0,7874.0,0.0,0.0,0.0
public_registry,wind_offshore,linear_regression_last_three,2021-05-31,7874.0,7874.000000000001,9.094947017729282e-13,9.094947017729283e-16,1.1550605813727814e-14
public_registry,wind_offshore,linear_regression_last_three,2021-06-30,7874.0,7874.000000000002,1.8189894035458565e-12,1.8189894035458565e-15,2.310121162745563e-14
public_registry,wind_offshore,linear_regression_last_three,2021-07-31,7874.0,7874.000000000001,9.094947017729282e-13,9.094947017729283e-16,1.1550605813727814e-14
public_registry,wind_offshore,linear_regression_last_three,2021-08-31,7874.0,7874.0,0.0,0.0,0.0
public_registry,wind_offshore,linear_regression_last_three,2021-09-30,7874.0,7874.0,0.0,0.0,0.0
public_registry,wind_offshore,linear_regression_last_three,2021-10-31,7874.0,7874.0,0.0,0.0,0.0
public_registry,wind_offshore,linear_regression_last_three,2021-11-30,7874.0,7874.0,0.0,0.0,0.0
public_registry,wind_offshore,linear_regression_last_three,2021-12-31,7874.0,7874.000000000001,9.094947017729282e-13,9.094947017729283e-16,1.1550605813727814e-14
public_registry,wind_offshore,linear_regression_last_three,2022-01-31,7874.0,7874.0,0.0,0.0,0.0
public_registry,wind_offshore,linear_regression_last_three,2022-02-28,7874.0,7874.0,0.0,0.0,0.0
public_registry,wind_offshore,linear_regression_last_three,2022-03-31,7874.0,7874.000000000001,9.094947017729282e-13,9.094947017729283e-16,1.1550605813727814e-14
public_registry,wind_offshore,linear_regression_last_three,2022-04-30,7874.0,7874.0,0.0,0.0,0.0
public_registry,wind_offshore,linear_regression_last_three,2022-05-31,7874.0,7874.000000000001,9.094947017729282e-13,9.094947017729283e-16,1.1550605813727814e-14
public_registry,wind_offshore,linear_regression_last_three,2022-06-30,7874.0,7874.0,0.0,0.0,0.0
public_registry,wind_offshore,linear_regression_last_three,2022-07-31,7883.0,7873.999999999999,-9.00000000000091,-0.00900000000000091,-0.11416973233541684
public_registry,wind_offshore,linear_regression_last_three,2022-08-31,8045.0,7887.598351845216,-157.4016481547842,-0.1574016481547842,-1.9565152039127929
public_registry,wind_offshore,linear_regression_last_three,2022-09-30,8054.0,8127.741935483869,73.74193548386938,0.07374193548386938,0.915593934490556
public_registry,wind_offshore,linear_regression_last_three,2022-10-31,8099.0,8141.318702973837,42.31870297383739,0.04231870297383739,0.5225176314833607
public_registry,wind_offshore,linear_regression_last_three,2022-11-30,8171.0,8125.651737728406,-45.34826227159374,-0.04534826227159374,-0.5549903594614336
public_registry,wind_offshore,linear_regression_last_three,2022-12-31,8216.0,8230.378717305624,14.378717305624377,0.014378717305624377,0.1750087305942597
public_registry,wind_offshore,linear_regression_last_three,2023-01-31,8254.0,8275.378717305624,21.378717305624377,0.02137871730562438,0.259010386547424
public_registry,wind_offshore,linear_regression_last_three,2023-02-28,8292.0,8291.483870967742,-0.5161290322575951,-0.0005161290322575951,-0.006224421517819526
public_registry,wind_offshore,linear_regression_last_three,2023-03-31,8359.0,8331.897818599311,-27.102181400689005,-0.027102181400689006,-0.32422755593598523
public_registry,wind_offshore,linear_regression_last_three,2023-04-30,8426.0,8412.593570608487,-13.406429391512575,-0.013406429391512575,-0.15910787314873695
public_registry,wind_offshore,linear_regression_last_three,2023-05-31,8445.0,8494.092260838406,49.09226083840622,0.04909226083840622,0.5813174758840287
public_registry,wind_offshore,linear_regression_last_three,2023-06-30,8445.0,8487.162307416695,42.1623074166946,0.042162307416694605,0.499257636668971
public_registry,wind_offshore,linear_regression_last_three,2023-07-31,8445.0,8454.707631673235,9.707631673234573,0.009707631673234574,0.11495123354925485
public_registry,wind_offshore,linear_regression_last_three,2023-08-31,8445.0,8445.000000000002,1.8189894035458565e-12,1.8189894035458565e-15,2.1539246933639508e-14
public_registry,wind_offshore,linear_regression_last_three,2023-09-30,8445.0,8445.0,0.0,0.0,0.0
public_registry,wind_offshore,linear_regression_last_three,2023-10-31,8445.0,8445.000000000002,1.8189894035458565e-12,1.8189894035458565e-15,2.1539246933639508e-14
public_registry,wind_offshore,linear_regression_last_three,2023-11-30,8473.0,8445.0,-28.0,-0.028,-0.3304614658326449
public_registry,wind_offshore,linear_regression_last_three,2023-12-31,8473.0,8487.150483697598,14.150483697598247,0.014150483697598247,0.16700677089104504
public_registry,wind_offshore,linear_regression_last_three,2024-01-31,8473.0,8487.150483697598,14.150483697598247,0.014150483697598247,0.16700677089104504
public_registry,wind_offshore,linear_regression_last_three,2024-02-29,8473.0,8473.0,0.0,0.0,0.0
public_registry,wind_offshore,linear_regression_last_three,2024-03-31,8473.0,8473.0,0.0,0.0,0.0
public_registry,wind_offshore,linear_regression_last_three,2024-04-30,8473.0,8473.0,0.0,0.0,0.0
public_registry,wind_offshore,linear_regression_last_three,2024-05-31,8695.0,8473.0,-222.0,-0.222,-2.553191489361702
public_registry,wind_offshore,linear_regression_last_three,2024-06-30,8851.0,8804.767108563248,-46.23289143675174,-0.046232891436751744,-0.5223465307507823
public_registry,wind_offshore,linear_regression_last_three,2024-07-31,9040.0,9043.26442135434,3.2644213543408114,0.0032644213543408115,0.03611085568961075
public_registry,wind_offshore,linear_regression_last_three,2024-08-31,9127.0,9215.403797921925,88.4037979219247,0.08840379792192471,0.9685964492376982
public_registry,wind_offshore,linear_regression_last_three,2024-09-30,9215.0,9260.548387096804,45.54838709680371,0.04554838709680371,0.4942852642083962
public_registry,wind_offshore,linear_regression_last_three,2024-10-31,9215.0,9303.923683267652,88.92368326765245,0.08892368326765245,0.9649884239571617
public_registry,wind_offshore,linear_regression_last_three,2024-11-30,9215.0,9258.038337513433,43.03833751343336,0.04303833751343336,0.4670465275467538
public_registry,wind_offshore,linear_regression_last_three,2024-12-31,9215.0,9215.0,0.0,0.0,0.0
public_registry,wind_offshore,linear_regression_last_three,2025-01-31,9215.0,9215.0,0.0,0.0,0.0
public_registry,wind_offshore,linear_regression_last_three,2025-02-28,9215.0,9215.0,0.0,0.0,0.0
public_registry,wind_offshore,linear_regression_last_three,2025-03-31,9215.0,9215.0,0.0,0.0,0.0
public_registry,wind_offshore,linear_regression_last_three,2025-04-30,9215.0,9215.0,0.0,0.0,0.0
public_registry,wind_offshore,linear_regression_last_three,2025-05-31,9215.0,9214.999999999998,-1.8189894035458565e-12,-1.8189894035458565e-15,-1.973944008188667e-14
public_registry,wind_offshore,linear_regression_last_three,2025-06-30,9215.0,9215.0,0.0,0.0,0.0
public_registry,wind_offshore,linear_regression_last_three,2025-07-31,9215.0,9215.0,0.0,0.0,0.0
public_registry,wind_offshore,linear_regression_last_three,2025-08-31,9215.0,9215.0,0.0,0.0,0.0
public_registry,wind_offshore,linear_regression_last_three,2025-09-30,9215.0,9215.0,0.0,0.0,0.0
public_registry,wind_offshore,linear_regression_last_three,2025-10-31,9215.0,9215.000000000002,1.8189894035458565e-12,1.8189894035458565e-15,1.973944008188667e-14
public_registry,wind_offshore,linear_regression_last_three,2025-11-30,9230.0,9215.0,-15.0,-0.015,-0.16251354279523295
public_registry,wind_offshore,linear_regression_last_three,2025-12-31,9733.0,9237.58061626657,-495.41938373342964,-0.49541938373342964,-5.090099493819271
public_registry,wind_offshore,linear_regression_last_three,2026-01-31,9904.0,9997.57739161596,93.57739161595964,0.09357739161595964,0.9448444226167169
public_registry,wind_offshore,linear_regression_last_three,2026-02-28,10019.0,10208.38709677418,189.38709677418046,0.18938709677418047,1.8902794368118618
public_registry,wind_offshore,linear_regression_last_three,2026-03-31,10201.0,10169.64006888633,-31.359931113669518,-0.03135993111366952,-0.3074201658040341
public_registry,wind_offshore,linear_regression_last_three,2026-04-30,10404.0,10352.463834672828,-51.53616532717206,-0.051536165327172055,-0.49534953217197286
public_registry,wind_offshore,linear_regression_last_three,2026-05-31,10616.0,10599.579899677548,-16.420100322451617,-0.016420100322451617,-0.15467313792814258
public_registry,wind_offshore,linear_regression_last_three,2026-06-30,10811.0,10820.10426370477,9.104263704770347,0.009104263704770346,0.08421296554222871
public_registry,wind_offshore,linear_regression_last_three,2026-07-31,10927.0,11017.864743819426,90.86474381942571,0.0908647438194257,0.8315616712677378
public_registry,wind_offshore,linear_regression_last_three,2026-08-31,10969.0,11084.815657470434,115.81565747043351,0.11581565747043351,1.05584517704835
public_registry,wind_offshore,hold_last_value,2015-03-31,1698.0,1397.0,-301.0,-0.301,-17.72673733804476
public_registry,wind_offshore,hold_last_value,2015-04-30,2045.0,1698.0,-347.0,-0.347,-16.968215158924206
public_registry,wind_offshore,hold_last_value,2015-05-31,2399.0,2045.0,-354.0,-0.354,-14.756148395164653
public_registry,wind_offshore,hold_last_value,2015-06-30,2869.0,2399.0,-470.0,-0.47,-16.382014639247124
public_registry,wind_offshore,hold_last_value,2015-07-31,3191.0,2869.0,-322.0,-0.322,-10.090880601692259
public_registry,wind_offshore,hold_last_value,2015-08-31,3314.0,3191.0,-123.0,-0.123,-3.711526855763428
public_registry,wind_offshore,hold_last_value,2015-09-30,3352.0,3314.0,-38.0,-0.038,-1.133651551312649
public_registry,wind_offshore,hold_last_value,2015-10-31,3382.0,3352.0,-30.0,-0.03,-0.8870490833826138
public_registry,wind_offshore,hold_last_value,2015-11-30,3382.0,3382.0,0.0,0.0,0.0
public_registry,wind_offshore,hold_last_value,2015-12-31,3382.0,3382.0,0.0,0.0,0.0
public_registry,wind_offshore,hold_last_value,2016-01-31,3382.0,3382.0,0.0,0.0,0.0
public_registry,wind_offshore,hold_last_value,2016-02-29,3463.0,3382.0,-81.0,-0.081,-2.3390124169794975
public_registry,wind_offshore,hold_last_value,2016-03-31,3488.0,3463.0,-25.0,-0.025,-0.716743119266055
public_registry,wind_offshore,hold_last_value,2016-04-30,3488.0,3488.0,0.0,0.0,0.0
public_registry,wind_offshore,hold_last_value,2016-05-31,3607.0,3488.0,-119.0,-0.119,-3.2991405600221793
public_registry,wind_offshore,hold_last_value,2016-06-30,3651.0,3607.0,-44.0,-0.044,-1.2051492741714598
public_registry,wind_offshore,hold_last_value,2016-07-31,3933.0,3651.0,-282.0,-0.282,-7.170099160945844
public_registry,wind_offshore,hold_last_value,2016-08-31,3990.0,3933.0,-57.0,-0.057,-1.4285714285714286
public_registry,wind_offshore,hold_last_value,2016-09-30,4053.0,3990.0,-63.0,-0.063,-1.5544041450777202
public_registry,wind_offshore,hold_last_value,2016-10-31,4137.0,4053.0,-84.0,-0.084,-2.030456852791878
public_registry,wind_offshore,hold_last_value,2016-11-30,4191.0,4137.0,-54.0,-0.054,-1.288475304223336
public_registry,wind_offshore,hold_last_value,2016-12-31,4237.0,4191.0,-46.0,-0.046,-1.085673825820156
public_registry,wind_offshore,hold_last_value,2017-01-31,4336.0,4237.0,-99.0,-0.099,-2.283210332103321
public_registry,wind_offshore,hold_last_value,2017-02-28,4399.0,4336.0,-63.0,-0.063,-1.4321436690156852
public_registry,wind_offshore,hold_last_value,2017-03-31,4519.0,4399.0,-120.0,-0.12,-2.6554547466253595
public_registry,wind_offshore,hold_last_value,2017-04-30,4656.0,4519.0,-137.0,-0.137,-2.942439862542955
public_registry,wind_offshore,hold_last_value,2017-05-31,4831.0,4656.0,-175.0,-0.175,-3.6224384185468845
public_registry,wind_offshore,hold_last_value,2017-06-30,4886.0,4831.0,-55.0,-0.055,-1.125665165779779
public_registry,wind_offshore,hold_last_value,2017-07-31,4954.0,4886.0,-68.0,-0.068,-1.3726281792490918
public_registry,wind_offshore,hold_last_value,2017-08-31,5015.0,4954.0,-61.0,-0.061,-1.2163509471585243
public_registry,wind_offshore,hold_last_value,2017-09-30,5046.0,5015.0,-31.0,-0.031,-0.6143479984145858
public_registry,wind_offshore,hold_last_value,2017-10-31,5057.0,5046.0,-11.0,-0.011,-0.2175202689341507
public_registry,wind_offshore,hold_last_value,2017-11-30,5360.0,5057.0,-303.0,-0.303,-5.652985074626866
public_registry,wind_offshore,hold_last_value,2017-12-31,5523.0,5360.0,-163.0,-0.163,-2.9512945862755746
public_registry,wind_offshore,hold_last_value,2018-01-31,5523.0,5523.0,0.0,0.0,0.0
public_registry,wind_offshore,hold_last_value,2018-02-28,5523.0,5523.0,0.0,0.0,0.0
public_registry,wind_offshore,hold_last_value,2018-03-31,5523.0,5523.0,0.0,0.0,0.0
public_registry,wind_offshore,hold_last_value,2018-04-30,5523.0,5523.0,0.0,0.0,0.0
public_registry,wind_offshore,hold_last_value,2018-05-31,5523.0,5523.0,0.0,0.0,0.0
public_registry,wind_offshore,hold_last_value,2018-06-30,5523.0,5523.0,0.0,0.0,0.0
public_registry,wind_offshore,hold_last_value,2018-07-31,5548.0,5523.0,-25.0,-0.025,-0.45061283345349673
public_registry,wind_offshore,hold_last_value,2018-08-31,5740.0,5548.0,-192.0,-0.192,-3.3449477351916377
public_registry,wind_offshore,hold_last_value,2018-09-30,6132.0,5740.0,-392.0,-0.392,-6.392694063926941
public_registry,wind_offshore,hold_last_value,2018-10-31,6431.0,6132.0,-299.0,-0.299,-4.649354688228891
public_registry,wind_offshore,hold_last_value,2018-11-30,6476.0,6431.0,-45.0,-0.045,-0.6948733786287832
public_registry,wind_offshore,hold_last_value,2018-12-31,6513.0,6476.0,-37.0,-0.037,-0.568094580070628
public_registry,wind_offshore,hold_last_value,2019-01-31,6519.0,6513.0,-6.0,-0.006,-0.09203865623561897
public_registry,wind_offshore,hold_last_value,2019-02-28,6556.0,6519.0,-37.0,-0.037,-0.5643685173886516
public_registry,wind_offshore,hold_last_value,2019-03-31,6630.0,6556.0,-74.0,-0.074,-1.1161387631975868
public_registry,wind_offshore,hold_last_value,2019-04-30,6698.0,6630.0,-68.0,-0.068,-1.015228426395939
public_registry,wind_offshore,hold_last_value,2019-05-31,6772.0,6698.0,-74.0,-0.074,-1.0927347903130538
public_registry,wind_offshore,hold_last_value,2019-06-30,6772.0,6772.0,0.0,0.0,0.0
public_registry,wind_offshore,hold_last_value,2019-07-31,6889.0,6772.0,-117.0,-0.117,-1.6983597038757439
public_registry,wind_offshore,hold_last_value,2019-08-31,7475.0,6889.0,-586.0,-0.586,-7.839464882943144
public_registry,wind_offshore,hold_last_value,2019-09-30,7549.0,7475.0,-74.0,-0.074,-0.9802622863955491
public_registry,wind_offshore,hold_last_value,2019-10-31,7604.0,7549.0,-55.0,-0.055,-0.72330352446081
public_registry,wind_offshore,hold_last_value,2019-11-30,7636.0,7604.0,-32.0,-0.032,-0.41906757464641176
public_registry,wind_offshore,hold_last_value,2019-12-31,7655.0,7636.0,-19.0,-0.019,-0.248203788373612
public_registry,wind_offshore,hold_last_value,2020-01-31,7785.0,7655.0,-130.0,-0.13,-1.6698779704560054
public_registry,wind_offshore,hold_last_value,2020-02-29,7785.0,7785.0,0.0,0.0,0.0
public_registry,wind_offshore,hold_last_value,2020-03-31,7792.0,7785.0,-7.0,-0.007,-0.08983572895277207
public_registry,wind_offshore,hold_last_value,2020-04-30,7817.0,7792.0,-25.0,-0.025,-0.31981578610720224
public_registry,wind_offshore,hold_last_value,2020-05-31,7842.0,7817.0,-25.0,-0.025,-0.31879622545269065
public_registry,wind_offshore,hold_last_value,2020-06-30,7868.0,7842.0,-26.0,-0.026,-0.33045246568378245
public_registry,wind_offshore,hold_last_value,2020-07-31,7874.0,7868.0,-6.0,-0.006,-0.0762001524003048
public_registry,wind_offshore,hold_last_value,2020-08-31,7874.0,7874.0,0.0,0.0,0.0
public_registry,wind_offshore,hold_last_value,2020-09-30,7874.0,7874.0,0.0,0.0,0.0
public_registry,wind_offshore,hold_last_value,2020-10-31,7874.0,7874.0,0.0,0.0,0.0
public_registry,wind_offshore,hold_last_value,2020-11-30,7874.0,7874.0,0.0,0.0,0.0
public_registry,wind_offshore,hold_last_value,2020-12-31,7874.0,7874.0,0.0,0.0,0.0
public_registry,wind_offshore,hold_last_value,2021-01-31,7874.0,7874.0,0.0,0.0,0.0
public_registry,wind_offshore,hold_last_value,2021-02-28,7874.0,7874.0,0.0,0.0,0.0
public_registry,wind_offshore,hold_last_value,2021-03-31,7874.0,7874.0,0.0,0.0,0.0
public_registry,wind_offshore,hold_last_value,2021-04-30,7874.0,7874.0,0.0,0.0,0.0
public_registry,wind_offshore,hold_last_value,2021-05-31,7874.0,7874.0,0.0,0.0,0.0
public_registry,wind_offshore,hold_last_value,2021-06-30,7874.0,7874.0,0.0,0.0,0.0
public_registry,wind_offshore,hold_last_value,2021-07-31,7874.0,7874.0,0.0,0.0,0.0
public_registry,wind_offshore,hold_last_value,2021-08-31,7874.0,7874.0,0.0,0.0,0.0
public_registry,wind_offshore,hold_last_value,2021-09-30,7874.0,7874.0,0.0,0.0,0.0
public_registry,wind_offshore,hold_last_value,2021-10-31,7874.0,7874.0,0.0,0.0,0.0
public_registry,wind_offshore,hold_last_value,2021-11-30,7874.0,7874.0,0.0,0.0,0.0
public_registry,wind_offshore,hold_last_value,2021-12-31,7874.0,7874.0,0.0,0.0,0.0
public_registry,wind_offshore,hold_last_value,2022-01-31,7874.0,7874.0,0.0,0.0,0.0
public_registry,wind_offshore,hold_last_value,2022-02-28,7874.0,7874.0,0.0,0.0,0.0
public_registry,wind_offshore,hold_last_value,2022-03-31,7874.0,7874.0,0.0,0.0,0.0
public_registry,wind_offshore,hold_last_value,2022-04-30,7874.0,7874.0,0.0,0.0,0.0
public_registry,wind_offshore,hold_last_value,2022-05-31,7874.0,7874.0,0.0,0.0,0.0
public_registry,wind_offshore,hold_last_value,2022-06-30,7874.0,7874.0,0.0,0.0,0.0
public_registry,wind_offshore,hold_last_value,2022-07-31,7883.0,7874.0,-9.0,-0.009,-0.11416973233540531
public_registry,wind_offshore,hold_last_value,2022-08-31,8045.0,7883.0,-162.0,-0.162,-2.013673088875078
public_registry,wind_offshore,hold_last_value,2022-09-30,8054.0,8045.0,-9.0,-0.009,-0.11174571641420412
public_registry,wind_offshore,hold_last_value,2022-10-31,8099.0,8054.0,-45.0,-0.045,-0.555624151129769
public_registry,wind_offshore,hold_last_value,2022-11-30,8171.0,8099.0,-72.0,-0.072,-0.8811650960714722
public_registry,wind_offshore,hold_last_value,2022-12-31,8216.0,8171.0,-45.0,-0.045,-0.547711781888997
public_registry,wind_offshore,hold_last_value,2023-01-31,8254.0,8216.0,-38.0,-0.038,-0.4603828446813666
public_registry,wind_offshore,hold_last_value,2023-02-28,8292.0,8254.0,-38.0,-0.038,-0.4582730342498794
public_registry,wind_offshore,hold_last_value,2023-03-31,8359.0,8292.0,-67.0,-0.067,-0.8015312836463692
public_registry,wind_offshore,hold_last_value,2023-04-30,8426.0,8359.0,-67.0,-0.067,-0.7951578447661999
public_registry,wind_offshore,hold_last_value,2023-05-31,8445.0,8426.0,-19.0,-0.019,-0.22498519834221434
public_registry,wind_offshore,hold_last_value,2023-06-30,8445.0,8445.0,0.0,0.0,0.0
public_registry,wind_offshore,hold_last_value,2023-07-31,8445.0,8445.0,0.0,0.0,0.0
public_registry,wind_offshore,hold_last_value,2023-08-31,8445.0,8445.0,0.0,0.0,0.0
public_registry,wind_offshore,hold_last_value,2023-09-30,8445.0,8445.0,0.0,0.0,0.0
public_registry,wind_offshore,hold_last_value,2023-10-31,8445.0,8445.0,0.0,0.0,0.0
public_registry,wind_offshore,hold_last_value,2023-11-30,8473.0,8445.0,-28.0,-0.028,-0.3304614658326449
public_registry,wind_offshore,hold_last_value,2023-12-31,8473.0,8473.0,0.0,0.0,0.0
public_registry,wind_offshore,hold_last_value,2024-01-31,8473.0,8473.0,0.0,0.0,0.0
public_registry,wind_offshore,hold_last_value,2024-02-29,8473.0,8473.0,0.0,0.0,0.0
public_registry,wind_offshore,hold_last_value,2024-03-31,8473.0,8473.0,0.0,0.0,0.0
public_registry,wind_offshore,hold_last_value,2024-04-30,8473.0,8473.0,0.0,0.0,0.0
public_registry,wind_offshore,hold_last_value,2024-05-31,8695.0,8473.0,-222.0,-0.222,-2.553191489361702
public_registry,wind_offshore,hold_last_value,2024-06-30,8851.0,8695.0,-156.0,-0.156,-1.7625127104282001
public_registry,wind_offshore,hold_last_value,2024-07-31,9040.0,8851.0,-189.0,-0.189,-2.09070796460177
public_registry,wind_offshore,hold_last_value,2024-08-31,9127.0,9040.0,-87.0,-0.087,-0.9532157335378547
public_registry,wind_offshore,hold_last_value,2024-09-30,9215.0,9127.0,-88.0,-0.088,-0.9549647314161693
public_registry,wind_offshore,hold_last_value,2024-10-31,9215.0,9215.0,0.0,0.0,0.0
public_registry,wind_offshore,hold_last_value,2024-11-30,9215.0,9215.0,0.0,0.0,0.0
public_registry,wind_offshore,hold_last_value,2024-12-31,9215.0,9215.0,0.0,0.0,0.0
public_registry,wind_offshore,hold_last_value,2025-01-31,9215.0,9215.0,0.0,0.0,0.0
public_registry,wind_offshore,hold_last_value,2025-02-28,9215.0,9215.0,0.0,0.0,0.0
public_registry,wind_offshore,hold_last_value,2025-03-31,9215.0,9215.0,0.0,0.0,0.0
public_registry,wind_offshore,hold_last_value,2025-04-30,9215.0,9215.0,0.0,0.0,0.0
public_registry,wind_offshore,hold_last_value,2025-05-31,9215.0,9215.0,0.0,0.0,0.0
public_registry,wind_offshore,hold_last_value,2025-06-30,9215.0,9215.0,0.0,0.0,0.0
public_registry,wind_offshore,hold_last_value,2025-07-31,9215.0,9215.0,0.0,0.0,0.0
public_registry,wind_offshore,hold_last_value,2025-08-31,9215.0,9215.0,0.0,0.0,0.0
public_registry,wind_offshore,hold_last_value,2025-09-30,9215.0,9215.0,0.0,0.0,0.0
public_registry,wind_offshore,hold_last_value,2025-10-31,9215.0,9215.0,0.0,0.0,0.0
public_registry,wind_offshore,hold_last_value,2025-11-30,9230.0,9215.0,-15.0,-0.015,-0.16251354279523295
public_registry,wind_offshore,hold_last_value,2025-12-31,9733.0,9230.0,-503.0,-0.503,-5.167985204972773
public_registry,wind_offshore,hold_last_value,2026-01-31,9904.0,9733.0,-171.0,-0.171,-1.7265751211631664
public_registry,wind_offshore,hold_last_value,2026-02-28,10019.0,9904.0,-115.0,-0.115,-1.1478191436271086
public_registry,wind_offshore,hold_last_value,2026-03-31,10201.0,10019.0,-182.0,-0.182,-1.784138809920596
public_registry,wind_offshore,hold_last_value,2026-04-30,10404.0,10201.0,-203.0,-0.203,-1.9511726259131101
public_registry,wind_offshore,hold_last_value,2026-05-31,10616.0,10404.0,-212.0,-0.212,-1.9969856819894498
public_registry,wind_offshore,hold_last_value,2026-06-30,10811.0,10616.0,-195.0,-0.195,-1.803718434927389
public_registry,wind_offshore,hold_last_value,2026-07-31,10927.0,10811.0,-116.0,-0.116,-1.0615905555047132
public_registry,wind_offshore,hold_last_value,2026-08-31,10969.0,10927.0,-42.0,-0.042,-0.3828972559029994
